Player,Team,S/C,Pos,DOB,Birth City,S/P,Ctry,Ntnlty,Ht,Wt,Draft Yr,Round,Overall,1st Season,HOF,GP,G,A,P
Jesse Puljujarvi,PIT,R,R,1998-05-07,Alvkarleby,--,SWE,FIN,76,216,2016,1,4,20162017,N,12,1,5,6
Taylor Raddysh,WSH,R,R,1998-02-18,Caledon,ON,CAN,CAN,75,198,2016,2,58,20212022,N,12,2,3,5
Pierre-Luc Dubois,WSH,L,L,1998-06-24,Ste-Agathe-des-Monts,QC,CAN,CAN,76,225,2016,1,3,20172018,N,12,1,6,7
Nathan Bastian,NJD,R,R,1997-12-06,Kitchener,ON,CAN,CAN,76,205,2016,2,41,20182019,N,12,2,3,5
Filip Hronek,VAN,R,D,1997-11-02,Hradec Kralove,--,CZE,CZE,72,190,2016,2,53,20182019,N,12,0,4,4
Brandon Duhaime,WSH,L,R,1997-05-22,Coral Springs,FL,USA,USA,74,200,2016,4,106,20212022,N,12,2,2,4
Mathieu Olivier,CBJ,R,R,1997-02-11,Biloxi,MS,USA,USA,73,226,--,--,--,20192020,N,12,4,2,6
Zack MacEwen,OTT,R,R,1996-07-08,Charlottetown,PE,CAN,CAN,76,227,--,--,--,20182019,N,12,2,1,3
Juuso Valimaki,UTA,L,D,1998-10-06,Tampere,--,FIN,FIN,76,221,2017,1,16,20182019,N,12,0,0,0
Conor Timmins,TOR,R,D,1998-09-18,St. Catharines,ON,CAN,CAN,75,213,2017,2,32,20192020,N,12,0,3,3
Michael Rasmussen,DET,L,C,1999-04-17,Surrey,BC,CAN,CAN,78,220,2017,1,9,20182019,N,12,2,2,4
Elias Pettersson,VAN,L,C,1998-11-12,Sundsvall,--,SWE,SWE,74,176,2017,1,5,20182019,N,12,2,3,5
Jason Robertson,DAL,L,L,1999-07-22,Arcadia,CA,USA,USA,75,207,2017,2,39,20192020,N,12,4,3,7
Henri Jokiharju,BUF,R,D,1999-06-17,Oulu,--,FIN,FIN,72,200,2017,1,29,20182019,N,12,1,2,3
Miro Heiskanen,DAL,L,D,1999-07-18,Espoo,--,FIN,FIN,74,197,2017,1,3,20182019,N,12,0,4,4
Martin Necas,CAR,R,C,1999-01-15,Nove Mesto na Morave,--,CZE,CZE,75,195,2017,1,12,20172018,N,12,7,14,21
Ryan Poehling,PHI,L,C,1999-01-03,Lakeville,MN,USA,USA,74,204,2017,1,25,20182019,N,12,0,5,5
Filip Chytil,NYR,L,C,1999-09-05,Kromeriz,--,CZE,CZE,74,210,2017,1,21,20172018,N,12,4,4,8
Alexey Toropchenko,STL,L,R,1999-06-25,Moscow,--,RUS,RUS,78,222,2017,4,113,20212022,N,12,1,1,2
Sean Walker,CAR,R,D,1994-11-13,Keswick,ON,CAN,CAN,71,191,--,--,--,20182019,N,12,1,0,1
Kiefer Sherwood,VAN,R,L,1995-03-31,Columbus,OH,USA,USA,72,194,--,--,--,20182019,N,12,3,4,7
Eric Robinson,CAR,L,L,1995-06-14,Bellmawr,NJ,USA,USA,74,211,--,--,--,20172018,N,12,3,4,7
Martin Fehervary,WSH,L,D,1999-10-06,Bratislava,--,SVK,SVK,74,199,2018,2,46,20192020,N,12,0,2,2
Quinn Hughes,VAN,L,D,1999-10-14,Orlando,FL,USA,USA,70,180,2018,1,7,20182019,N,12,3,11,14
Mattias Samuelsson,BUF,L,D,2000-03-14,Philadelphia,PA,USA,USA,76,227,2018,2,32,20202021,N,12,1,0,1
Joe Veleno,DET,L,C,2000-01-13,Montréal,QC,CAN,CAN,73,201,2018,1,30,20202021,N,12,1,1,2
K'Andre Miller,NYR,L,D,2000-01-21,St. Paul,MN,USA,USA,77,210,2018,1,22,20202021,N,12,1,1,2
Jesperi Kotkaniemi,CAR,L,C,2000-07-06,Pori,--,FIN,FIN,75,203,2018,1,3,20182019,N,12,1,7,8
Andrei Svechnikov,CAR,L,R,2000-03-26,Barnaul,--,RUS,RUS,75,199,2018,1,2,20182019,N,12,5,8,13
Ty Emberson,EDM,R,D,2000-05-23,Eau Claire,WI,USA,USA,74,193,2018,3,73,20232024,N,12,0,0,0
Jack Drury,CAR,L,C,2000-02-03,New York,NY,USA,USA,71,186,2018,2,42,20212022,N,12,1,3,4
Rasmus Sandin,WSH,L,D,2000-03-07,Uppsala,--,SWE,SWE,71,182,2018,1,29,20192020,N,12,0,5,5
Kirill Marchenko,CBJ,R,R,2000-07-21,Barnaul,--,RUS,RUS,75,197,2018,2,49,20222023,N,12,5,8,13
Ilya Lyubushkin,DAL,R,D,1994-04-06,Moscow,--,RUS,RUS,74,200,--,--,--,20182019,N,12,0,3,3
Pontus Holmberg,TOR,L,R,1999-03-09,Vasteras,--,SWE,SWE,72,201,2018,6,156,20222023,N,12,0,1,1
Jonatan Berggren,DET,L,R,2000-07-16,Uppsala,--,SWE,SWE,71,197,2018,2,33,20222023,N,12,0,1,1
Jack St. Ivany,PIT,R,D,1999-07-22,Manhattan Beach,CA,USA,USA,76,205,2018,4,112,20232024,N,12,0,0,0
Jake Christiansen,CBJ,L,D,1999-09-12,West Vancouver,BC,CAN,CAN,72,197,--,--,--,20212022,N,12,0,4,4
Trevor Zegras,ANA,L,C,2001-03-20,Bedford,NY,USA,USA,72,185,2019,1,9,20202021,N,12,1,2,3
Nils Hoglander,VAN,L,L,2000-12-20,Bockträsk,--,SWE,SWE,69,185,2019,2,40,20202021,N,12,2,3,5
Moritz Seider,DET,R,D,2001-04-06,Zell,--,DEU,DEU,75,205,2019,1,6,20212022,N,12,1,7,8
Kaapo Kakko,NYR,L,R,2001-02-13,Turku,--,FIN,FIN,73,215,2019,1,2,20192020,N,12,1,6,7
Connor McMichael,WSH,L,C,2001-01-15,Ajax,ON,CAN,CAN,72,180,2019,1,25,20202021,N,12,8,5,13
Thomas Harley,DAL,L,D,2001-08-19,Syracuse,NY,USA,USA,75,211,2019,1,18,20212022,N,12,1,5,6
Nicholas Robertson,TOR,L,L,2001-09-11,Pasadena,CA,USA,USA,69,178,2019,2,53,20202021,N,12,1,0,1
Philip Broberg,STL,L,D,2001-06-25,Orebro,--,SWE,SWE,76,212,2019,1,8,20212022,N,12,2,7,9
Vladislav Kolyachonok,UTA,L,D,2001-05-26,Minsk,--,BLR,BLR,74,195,2019,2,52,20212022,N,12,1,3,4
Aliaksei Protas,WSH,L,C,2001-01-06,Vitebsk,--,BLR,BLR,78,225,2019,3,91,20212022,N,12,5,7,12
Adam Edstrom,NYR,L,C,2000-10-12,Karlstad,--,SWE,SWE,78,241,2019,6,161,20232024,N,12,1,1,2
Andre Lee,LAK,L,L,2000-07-26,Karlstad,--,SWE,SWE,77,206,2019,7,188,20242025,N,12,0,2,2
Braden Schneider,NYR,R,D,2001-09-20,Prince Albert,SK,CAN,CAN,76,213,2020,1,19,20212022,N,12,2,3,5
Lucas Raymond,DET,R,L,2002-03-28,Gothenburg,--,SWE,SWE,71,188,2020,1,4,20212022,N,12,1,11,12
Seth Jarvis,CAR,R,C,2002-02-01,Winnipeg,MB,CAN,CAN,70,184,2020,1,13,20212022,N,12,4,5,9
Alexis Lafrenière,NYR,L,L,2001-10-11,St-Eustache,QC,CAN,CAN,74,196,2020,1,1,20202021,N,12,5,5,10
Will Cuylle,NYR,L,L,2002-02-05,Toronto,ON,CAN,CAN,75,212,2020,2,60,20222023,N,12,4,5,9
JJ Peterka,BUF,L,R,2002-01-14,Munich,--,DEU,DEU,72,189,2020,2,34,20212022,N,12,6,6,12
Mikael Pyyhtia,CBJ,L,L,2001-12-17,Turku,--,FIN,FIN,72,176,2020,4,114,20222023,N,12,1,0,1
Yegor Chinakhov,CBJ,L,R,2001-02-01,Omsk,--,RUS,RUS,73,201,2020,1,21,20212022,N,12,3,6,9
Daniil Miromanov,CGY,R,D,1997-07-11,Moscow,--,RUS,RUS,76,207,--,--,--,20212022,N,12,0,2,2
Nolan Allan,CHI,L,D,2003-04-28,Saskatoon,SK,CAN,CAN,74,195,2021,1,32,20242025,N,12,0,3,3
Logan Stankoven,DAL,R,C,2003-02-26,Kamloops,BC,CAN,CAN,68,165,2021,2,47,20232024,N,12,2,10,12
Cole Sillinger,CBJ,L,C,2003-05-16,Columbus,OH,USA,USA,73,202,2021,1,12,20212022,N,12,2,6,8
Zack Bolduc,STL,L,C,2003-02-24,Trois-Rivières,QC,CAN,CAN,72,187,2021,1,17,20232024,N,12,0,4,4
Wyatt Johnston,DAL,R,C,2003-05-14,Toronto,ON,CAN,CAN,73,185,2021,1,23,20222023,N,12,1,5,6
Mason McTavish,ANA,L,C,2003-01-30,Zurich,--,CHE,CAN,73,219,2021,1,3,20212022,N,12,1,6,7
Simon Edvinsson,DET,L,D,2003-02-05,Kungsbacka,--,SWE,SWE,78,209,2021,1,6,20222023,N,12,1,4,5
Oliver Kapanen,MTL,R,C,2003-07-29,Timra,--,SWE,FIN,74,194,2021,2,64,20242025,N,12,0,2,2
Jackson Blake,CAR,R,R,2003-08-03,Fargo,ND,USA,USA,71,178,2021,4,109,20232024,N,12,4,2,6
Cutter Gauthier,ANA,L,L,2004-01-19,Skelleftea,--,SWE,USA,74,201,2022,1,5,20232024,N,12,0,4,4
Leo Carlsson,ANA,L,C,2004-12-26,Karlstad,--,SWE,SWE,75,203,2023,1,2,20232024,N,12,4,2,6
Adam Fantilli,CBJ,L,C,2004-10-12,Nobleton,ON,CAN,CAN,74,199,2023,1,3,20232024,N,12,3,3,6
Will Smith,SJS,R,C,2005-03-17,Boston,MA,USA,USA,72,181,2023,1,4,20242025,N,12,2,1,3
Jack Johnson,CBJ,L,D,1987-01-13,Indianapolis,IN,USA,USA,74,225,2005,1,3,20062007,N,11,0,1,1
Ryan Reaves,TOR,R,R,1987-01-20,Winnipeg,MB,CAN,CAN,74,225,2005,5,156,20102011,N,11,0,0,0
James van Riemsdyk,CBJ,L,L,1989-05-04,Middletown,NJ,USA,USA,75,209,2007,1,2,20092010,N,11,2,2,4
Max Pacioretty,TOR,L,L,1988-11-20,New Canaan,CT,USA,USA,74,217,2007,1,22,20082009,N,11,2,4,6
Cam Atkinson,TBL,R,R,1989-06-05,Riverside,CT,USA,USA,68,178,2008,6,157,20112012,N,11,0,1,1
Vladimir Tarasenko,DET,L,R,1991-12-13,Yaroslavl,--,RUS,RUS,73,219,2010,1,16,20122013,N,11,2,1,3
Mike Reilly,NYI,L,D,1993-07-13,Chicago,IL,USA,USA,74,191,2011,4,98,20152016,N,11,0,0,0
Brandon Saad,STL,L,L,1992-10-27,Pittsburgh,PA,USA,USA,73,215,2011,2,43,20112012,N,11,2,3,5
Olli Maatta,UTA,L,D,1994-08-22,Jyväskylä,--,FIN,FIN,74,207,2012,1,22,20132014,N,11,0,0,0
Adam Pelech,NYI,L,D,1994-08-16,Toronto,ON,CAN,CAN,75,210,2012,3,65,20152016,N,11,0,4,4
J.T. Compher,DET,R,L,1995-04-08,Northbrook,IL,USA,USA,72,190,2013,2,35,20162017,N,11,3,2,5
Justin Kirkland,CGY,L,C,1996-08-02,Winnipeg,MB,CAN,CAN,75,183,2014,3,62,20222023,N,11,1,5,6
Frank Vatrano,ANA,L,R,1994-03-14,East Longmeadow,MA,USA,USA,71,206,--,--,--,20152016,N,11,1,3,4
Connor McDavid,EDM,L,C,1997-01-13,Richmond Hill,ON,CAN,CAN,73,194,2015,1,1,20152016,N,11,3,7,10
Christian Fischer,DET,R,R,1997-04-15,Chicago,IL,USA,USA,74,212,2015,2,32,20162017,N,11,1,1,2
Joel Eriksson Ek,MIN,L,C,1997-01-29,Karlstad,--,SWE,SWE,75,207,2015,1,20,20162017,N,11,5,2,7
Mason Marchment,DAL,L,L,1995-06-18,Uxbridge,ON,CAN,CAN,77,212,--,--,--,20192020,N,11,2,6,8
Sam Steel,DAL,L,C,1998-02-03,Ardrossan,AB,CAN,CAN,72,189,2016,1,30,20182019,N,11,2,3,5
Zachary Aston-Reese,CBJ,L,C,1994-08-10,Staten Island,NY,USA,USA,73,200,--,--,--,20172018,N,11,2,2,4
Morgan Geekie,BOS,R,C,1998-07-20,Strathclair,MB,CAN,CAN,75,202,2017,3,67,20192020,N,11,0,2,2
Nick Perbix,TBL,R,D,1998-06-15,Elk River,MN,USA,USA,76,206,2017,6,169,20222023,N,11,1,3,4
Pius Suter,VAN,L,C,1996-05-24,Zurich,--,CHE,CHE,71,179,--,--,--,20202021,N,11,4,1,5
Ty Dellandrea,SJS,R,C,2000-07-21,Port Perry,ON,CAN,CAN,74,190,2018,1,13,20202021,N,11,1,0,1
Nils Lundkvist,DAL,R,D,2000-07-27,Pitea,--,SWE,SWE,73,191,2018,1,28,20212022,N,11,0,1,1
Bobby Brink,PHI,R,R,2001-07-08,Minnetonka,MN,USA,USA,68,169,2019,2,34,20212022,N,11,2,3,5
Lukas Reichel,CHI,L,L,2002-05-17,Nürnberg,--,DEU,DEU,72,170,2020,1,17,20212022,N,11,1,5,6
Mason Lohrei,BOS,L,D,2001-01-17,Baton Rouge,LA,USA,USA,77,211,2020,2,58,20232024,N,11,1,3,4
Matthew Kessel,STL,R,D,2000-06-23,Bloomfield Hills,MI,USA,USA,74,205,2020,5,150,20222023,N,11,0,1,1
Olen Zellweger,ANA,L,D,2003-09-10,Calgary,AB,CAN,CAN,70,187,2021,2,34,20232024,N,11,2,2,4
Emil Lilleberg,TBL,L,D,2001-02-02,Sarpsborg,--,NOR,NOR,75,208,2021,4,107,20232024,N,11,0,3,3
Arber Xhekaj,MTL,L,D,2001-01-30,Hamilton,ON,CAN,CAN,76,240,--,--,--,20222023,N,11,0,0,0
Pavel Mintyukov,ANA,L,D,2003-11-25,Moscow,--,RUS,RUS,73,200,2022,1,10,20232024,N,11,2,0,2
Juraj Slafkovsky,MTL,L,L,2004-03-30,Kosice,--,SVK,SVK,75,225,2022,1,1,20222023,N,11,1,7,8
Erik Johnson,PHI,R,D,1988-03-21,Bloomington,MN,USA,USA,76,225,2006,1,1,20072008,N,10,0,1,1
Jon Merrill,MIN,L,D,1992-02-03,Oklahoma City,OK,USA,USA,75,204,2010,2,38,20132014,N,10,0,1,1
Dylan McIlrath,WSH,R,D,1992-04-20,Winnipeg,MB,CAN,CAN,77,232,2010,1,10,20132014,N,10,0,2,2
Miles Wood,COL,L,L,1995-09-13,Buffalo,NY,USA,USA,74,195,2013,4,100,20152016,N,10,1,0,1
Devon Toews,COL,L,D,1994-02-21,Abbotsford,BC,CAN,CAN,73,191,2014,4,108,20182019,N,10,0,2,2
Mathew Barzal,NYI,R,C,1997-05-26,Coquitlam,BC,CAN,CAN,73,190,2015,1,16,20162017,N,10,2,3,5
Logan Stanley,WPG,L,D,1998-05-26,Waterloo,ON,CAN,CAN,79,231,2016,1,18,20202021,N,10,1,2,3
Troy Stecher,EDM,R,D,1994-04-07,Richmond,BC,CAN,CAN,70,184,--,--,--,20162017,N,10,0,0,0
Ross Colton,COL,L,C,1996-09-11,Robbinsville,NJ,USA,USA,72,194,2016,4,118,20202021,N,10,8,1,9
Pierre-Olivier Joseph,STL,L,D,1999-07-01,Laval,QC,CAN,CAN,74,185,2017,1,23,20202021,N,10,0,1,1
Noah Cates,PHI,L,L,1999-02-05,Stillwater,MN,USA,USA,74,194,2017,5,137,20212022,N,10,0,1,1
Oliver Wahlstrom,NYI,R,R,2000-06-13,Portland,ME,USA,USA,74,205,2018,1,11,20192020,N,10,1,0,1
Isac Lundestrom,ANA,L,C,1999-11-06,Gallivare,--,SWE,SWE,72,191,2018,1,23,20182019,N,10,1,1,2
Egor Zamula,PHI,L,D,2000-03-30,Chelyabinsk,--,RUS,RUS,75,200,--,--,--,20202021,N,10,0,2,2
Cole Schwindt,VGK,R,R,2001-04-25,Kitchener,ON,CAN,CAN,74,203,2019,3,81,20212022,N,10,0,3,3
Ridly Greig,OTT,L,C,2002-08-08,Lethbridge,AB,CAN,CAN,72,188,2020,1,28,20222023,N,10,2,0,2
Danil Gushchin,SJS,L,L,2002-02-06,Yekaterinburg,--,RUS,RUS,68,165,2020,3,76,20222023,N,10,0,1,1
Hendrix Lapierre,WSH,L,C,2002-02-09,Gatineau,QC,CAN,CAN,72,180,2020,1,22,20212022,N,10,0,1,1
Jeff Petry,DET,R,D,1987-12-09,Ann Arbor,MI,USA,USA,75,208,2006,2,45,20102011,N,9,0,1,1
Chris Wagner,COL,R,R,1991-05-27,Walpole,MA,USA,USA,72,192,2010,5,122,20142015,N,9,1,0,1
Nick Seeler,PHI,L,D,1993-06-03,Eden Prairie,MN,USA,USA,75,197,2011,5,131,20172018,N,9,1,2,3
Nathan Walker,STL,L,L,1994-02-07,Cardiff,--,GBR,AUS,69,187,2014,3,89,20172018,N,9,1,2,3
Jakub Vrana,WSH,L,L,1996-02-28,Prague,--,CZE,CZE,72,190,2014,1,13,20162017,N,9,2,2,4
Kevin Labanc,CBJ,R,R,1995-12-12,Brooklyn,NY,USA,USA,71,185,2014,6,171,20162017,N,9,1,5,6
Daniel Sprong,VAN,R,R,1997-03-17,Amsterdam,--,NLD,CAN,72,195,2015,2,46,20152016,N,9,1,2,3
Mathieu Joseph,STL,L,R,1997-02-09,Laval,QC,CAN,CAN,73,186,2015,4,120,20182019,N,9,2,2,4
Matthew Tkachuk,FLA,L,L,1997-12-11,Scottsdale,AZ,USA,USA,74,202,2016,1,6,20162017,N,9,4,6,10
Joshua Mahura,SEA,L,D,1998-05-05,St. Albert,AB,CAN,CAN,72,193,2016,3,85,20182019,N,9,0,1,1
Justin Danforth,CBJ,R,R,1993-03-15,Oshawa,ON,CAN,CAN,68,188,--,--,--,20212022,N,9,2,2,4
Nicolas Hague,VGK,L,D,1998-12-05,Kitchener,ON,CAN,CAN,78,245,2017,2,34,20192020,N,9,1,0,1
Erik Brannstrom,VAN,L,D,1999-09-02,Eksjo,--,SWE,SWE,70,185,2017,1,15,20182019,N,9,0,2,2
Alexandre Texier,STL,L,C,1999-09-13,Saint-Martin-d'Hères,--,FRA,FRA,73,201,2017,2,45,20182019,N,9,1,2,3
Patrick Giles,FLA,R,R,2000-01-03,Chevy Chase,MD,USA,USA,77,218,--,--,--,20242025,N,9,0,0,0
Oskar Bäck,DAL,L,C,2000-03-12,Karlstad,--,SWE,SWE,76,202,2018,3,75,20242025,N,9,0,1,1
Adam Boqvist,FLA,R,D,2000-08-15,Falun,--,SWE,SWE,72,191,2018,1,8,20192020,N,9,0,2,2
Jacob Bernard-Docker,OTT,R,D,2000-06-30,Canmore,AB,CAN,CAN,73,198,2018,1,26,20202021,N,9,0,2,2
Declan Chisholm,MIN,L,D,2000-01-12,Bowmanville,ON,CAN,CAN,73,190,2018,5,150,20212022,N,9,0,2,2
Jayden Struble,MTL,L,D,2001-09-08,Cumberland,RI,USA,USA,72,207,2019,2,46,20232024,N,9,0,3,3
Kaiden Guhle,MTL,L,D,2002-01-18,Edmonton,AB,CAN,CAN,75,202,2020,1,16,20222023,N,9,1,4,5
Josh Doan,UTA,R,R,2002-02-01,Scottsdale,AZ,USA,USA,74,198,2021,2,37,20232024,N,9,1,1,2
Matt Coronato,CGY,R,R,2002-11-14,Greenlawn,NY,USA,USA,70,183,2021,1,13,20222023,N,9,4,1,5
Zachary L'Heureux,NSH,L,L,2003-05-15,Montréal,QC,CAN,CAN,71,197,2021,1,27,20242025,N,9,0,2,2
Simon Nemec,NJD,R,D,2004-02-15,Liptovský Mikulá,--,SVK,SVK,73,190,2022,1,2,20232024,N,9,0,1,1
Victor Mancini,NYR,R,D,2002-05-26,Hancock,MI,USA,USA,75,229,2022,5,159,20242025,N,9,1,3,4
Tyler Seguin,DAL,R,C,1992-01-31,Brampton,ON,CAN,CAN,74,201,2010,1,2,20102011,N,8,6,4,10
Bryan Rust,PIT,R,R,1992-05-11,Pontiac,MI,USA,USA,71,198,2010,3,80,20142015,N,8,3,1,4
Mathew Dumba,DAL,R,D,1994-07-25,Regina,SK,CAN,CAN,73,185,2012,1,7,20132014,N,8,0,0,0
Erik Gustafsson,DET,L,D,1992-03-14,Nynashamn,--,SWE,SWE,73,189,2012,4,93,20152016,N,8,0,2,2
Kyle Burroughs,LAK,R,D,1995-07-12,Vancouver,BC,CAN,CAN,72,193,2013,7,196,20202021,N,8,0,1,1
Ryan Hartman,MIN,R,R,1994-09-20,Hilton Head Island,SC,USA,USA,72,197,2013,1,30,20142015,N,8,3,1,4
Kasperi Kapanen,STL,R,R,1996-07-23,Kuopio,--,FIN,FIN,73,194,2014,1,22,20152016,N,8,1,0,1
Jakob Chychrun,WSH,L,D,1998-03-31,Boca Raton,FL,USA,CAN,74,205,2016,1,16,20162017,N,8,2,2,4
Vincent Desharnais,VAN,R,D,1996-05-29,Laval,QC,CAN,CAN,79,226,2016,7,183,20222023,N,8,0,1,1
Alexander Romanov,NYI,L,D,2000-01-06,Moscow,--,RUS,RUS,73,220,2018,2,38,20202021,N,8,0,2,2
Brett Leason,ANA,R,R,1999-04-30,Calgary,AB,CAN,CAN,77,220,2019,2,56,20212022,N,8,0,1,1
Matt Stienburg,COL,R,C,2000-10-07,Halifax,NS,CAN,CAN,73,182,2019,3,63,20242025,N,8,0,0,0
Marc Del Gaizo,NSH,L,D,1999-10-11,Basking Ridge,NJ,USA,USA,71,188,2019,4,109,20232024,N,8,0,2,2
Justin Barron,MTL,R,D,2001-11-15,Halifax,NS,CAN,CAN,74,198,2020,1,25,20212022,N,8,1,0,1
Jack Thompson,SJS,R,D,2002-03-19,Courtice,ON,CAN,CAN,73,189,2020,3,93,20232024,N,8,1,3,4
Mavrik Bourque,DAL,R,C,2002-01-08,Plessisville,QC,CAN,CAN,71,181,2020,1,30,20232024,N,8,1,1,2
Seamus Casey,NJD,R,D,2004-01-08,Miami,FL,USA,USA,69,162,2022,2,46,20242025,N,8,3,1,4
Marco Kasper,DET,L,C,2004-04-08,Innsbruck,--,AUT,AUT,73,183,2022,1,8,20222023,N,8,0,1,1
Jiri Kulich,BUF,L,C,2004-04-14,Kadan,--,CZE,CZE,73,190,2022,1,28,20232024,N,8,1,0,1
Zach Benson,BUF,L,L,2005-05-12,Chilliwack,BC,CAN,CAN,70,170,2023,1,13,20232024,N,8,1,1,2
Jared Spurgeon,MIN,R,D,1989-11-29,Edmonton,AB,CAN,CAN,69,166,2008,6,156,20102011,N,7,0,3,3
Tyson Barrie,CGY,R,D,1991-07-26,Victoria,BC,CAN,CAN,71,197,2009,3,64,20112012,N,7,1,1,2
Justin Holl,DET,R,D,1992-01-30,Tonka Bay,MN,USA,USA,76,194,2010,2,54,20172018,N,7,0,1,1
Oskar Sundqvist,STL,R,C,1994-03-23,Boden,--,SWE,SWE,75,220,2012,3,81,20152016,N,7,1,0,1
Matthew Benning,TOR,R,D,1994-05-25,Edmonton,AB,CAN,CAN,73,203,2012,6,175,20162017,N,7,0,0,0
Jonny Brodzinski,NYR,R,C,1993-06-19,Ham Lake,MN,USA,USA,72,211,2013,5,148,20162017,N,7,1,1,2
Brett Pesce,NJD,R,D,1994-11-15,Tarrytown,NY,USA,USA,75,206,2013,3,66,20152016,N,7,0,0,0
Darren Raddysh,TBL,R,D,1996-02-28,Toronto,ON,CAN,CAN,73,202,--,--,--,20212022,N,7,0,1,1
Ryan Lindgren,NYR,L,D,1998-02-11,Burnsville,MN,USA,USA,72,194,2016,2,49,20182019,N,7,1,0,1
Jake Bean,CGY,L,D,1998-06-09,Calgary,AB,CAN,CAN,73,191,2016,1,13,20182019,N,7,1,2,3
Klim Kostin,SJS,L,C,1999-05-05,Penza,--,RUS,RUS,76,232,2017,1,31,20192020,N,7,0,0,0
Robert Thomas,STL,R,C,1999-07-02,Aurora,ON,CAN,CAN,72,207,2017,1,20,20182019,N,7,1,5,6
Jordan Harris,CBJ,L,D,2000-07-07,Haverhill,MA,USA,USA,71,187,2018,3,71,20212022,N,7,0,0,0
Yegor Sharangovich,CGY,L,C,1998-06-06,Minsk,--,BLR,BLR,74,196,2018,5,141,20202021,N,7,2,0,2
Cam York,PHI,L,D,2001-01-05,Anaheim,CA,USA,USA,72,194,2019,1,14,20202021,N,7,2,1,3
Zac Jones,NYR,L,D,2000-10-18,Richmond,VA,USA,USA,71,190,2019,3,68,20202021,N,7,0,3,3
Brendan Brisson,VGK,L,C,2001-10-22,Los Angeles,CA,USA,USA,72,198,2020,1,29,20232024,N,7,0,0,0
Luke Hughes,NJD,L,D,2003-09-09,Manchester,NH,USA,USA,74,198,2021,1,4,20222023,N,7,0,1,1
Arshdeep Bains,VAN,L,L,2001-01-09,Surrey,BC,CAN,CAN,72,184,--,--,--,20232024,N,7,1,0,1
Maveric Lamoureux,UTA,R,D,2004-01-13,Laval,QC,CAN,CAN,78,196,2022,1,29,20242025,N,7,1,1,2
Liam Ohgren,MIN,L,L,2004-01-28,Stockholm,--,SWE,SWE,72,187,2022,1,19,20232024,N,7,0,0,0
Calum Ritchie,COL,R,C,2005-01-21,Oakville,ON,CAN,CAN,74,185,2023,1,27,20242025,N,7,1,0,1
Robert Bortuzzo,UTA,R,D,1989-03-18,Thunder Bay,ON,CAN,CAN,76,206,2007,3,78,20112012,N,6,0,0,0
Nicolas Deslauriers,PHI,L,L,1991-02-22,LaSalle,QC,CAN,CAN,73,218,2009,3,84,20132014,N,6,0,1,1
Nick Bjugstad,UTA,R,C,1992-07-17,Minneapolis,MN,USA,USA,78,205,2010,1,19,20122013,N,6,0,2,2
Aleksander Barkov,FLA,L,C,1995-09-02,Tampere,--,FIN,FIN,75,214,2013,1,2,20132014,N,6,2,9,11
Ross Johnston,ANA,L,L,1994-02-18,Charlottetown,PE,CAN,CAN,77,232,--,--,--,20152016,N,6,0,1,1
Andreas Englund,LAK,L,D,1996-01-21,Stockholm,--,SWE,SWE,76,200,2014,2,40,20162017,N,6,1,0,1
Pierre Engvall,NYI,L,L,1996-05-31,Ljungby,--,SWE,SWE,77,215,2014,7,188,20192020,N,6,0,1,1
Travis Dermott,EDM,L,D,1996-12-22,Newmarket,ON,CAN,CAN,72,202,2015,2,34,20172018,N,6,0,0,0
Parker Wotherspoon,BOS,L,D,1997-08-24,Surrey,BC,CAN,CAN,73,195,2015,4,112,20222023,N,6,0,0,0
Samuel Bolduc,NYI,L,D,2000-12-09,Laval,QC,CAN,CAN,76,224,2019,2,57,20222023,N,1,0,0,0
Matj Blümel,DAL,L,R,2000-05-31,Tabor,--,CZE,CZE,72,205,2019,4,100,20222023,N,1,0,0,0
Daemon Hunt,MIN,L,D,2002-05-15,Brandon,MB,CAN,CAN,73,201,2020,3,65,20232024,N,1,0,0,0
Ryan Winterton,SEA,R,C,2003-09-04,Markham,ON,CAN,CAN,74,175,2021,3,67,20232024,N,1,0,0,0
Lucas Condotta,MTL,L,L,1997-11-06,Georgetown,ON,CAN,CAN,73,218,--,--,--,20222023,N,1,0,0,0
Kevin Rooney,CGY,L,C,1993-05-21,Canton,MA,USA,USA,74,190,--,--,--,20162017,N,6,0,0,0
Joey Anderson,CHI,R,R,1998-06-19,Roseville,MN,USA,USA,72,207,2016,3,73,20182019,N,6,0,1,1
Dante Fabbro,NSH,R,D,1998-06-20,Coquitlam,BC,CAN,CAN,72,189,2016,1,17,20182019,N,6,0,0,0
Dennis Cholowski,NYI,L,D,1998-02-15,Langley,BC,CAN,CAN,74,210,2016,1,20,20182019,N,6,1,0,1
Jonah Gadjovich,FLA,L,L,1998-10-12,Whitby,ON,CAN,CAN,75,211,2017,2,55,20202021,N,6,1,0,1
Akil Thomas,LAK,R,C,2000-01-02,Toronto,ON,CAN,CAN,72,195,2018,2,51,20232024,N,6,1,0,1
Philip Tomasino,NSH,R,R,2001-07-28,Mississauga,ON,CAN,CAN,72,179,2019,1,24,20212022,N,6,0,1,1
Shane Pinto,OTT,R,C,2000-11-12,Franklin Square,NY,USA,USA,75,204,2019,2,32,20202021,N,6,1,2,3
Jackson LaCombe,ANA,L,D,2001-01-09,Eden Prairie,MN,USA,USA,74,205,2019,2,39,20222023,N,6,0,1,1
Albert Johansson,DET,L,D,2001-01-04,Karlstad,--,SWE,SWE,72,168,2019,2,60,20242025,N,6,0,0,0
Valtteri Puustinen,PIT,R,R,1999-06-04,Kuopio,--,FIN,FIN,70,182,2019,7,203,20212022,N,6,1,0,1
Juuso Parssinen,NSH,L,C,2001-02-01,Hameenlinna,--,FIN,FIN,75,212,2019,7,210,20222023,N,6,2,1,3
Emil Andrae,PHI,L,D,2002-02-23,Vastervik,--,SWE,SWE,69,189,2020,2,54,20232024,N,6,0,1,1
Tristan Luneau,ANA,R,D,2004-01-12,Victoriaville,QC,CAN,CAN,73,202,2022,2,53,20232024,N,6,0,0,0
Brendan Smith,DAL,L,D,1989-02-08,Mimico,ON,CAN,CAN,74,200,2007,1,27,20112012,N,5,0,0,0
David Perron,OTT,R,L,1988-05-28,Sherbrooke,QC,CAN,CAN,72,198,2007,1,26,20072008,N,5,0,0,0
William Karlsson,VGK,L,C,1993-01-08,Marsta,--,SWE,SWE,72,190,2011,2,53,20142015,N,5,2,4,6
Andreas Athanasiou,CHI,L,C,1994-08-06,Woodbridge,ON,CAN,CAN,74,190,2012,4,110,20152016,N,5,0,0,0
Kurtis MacDermid,NJD,L,L,1994-03-25,Quebec City,QC,CAN,CAN,77,233,--,--,--,20172018,N,5,0,0,0
Hudson Fasching,NYI,R,R,1995-07-28,Apple Valley,MN,USA,USA,75,209,2013,4,118,20152016,N,5,0,0,0
Anthony Duclair,NYI,L,L,1995-08-26,Pointe-Claire,QC,CAN,CAN,72,200,2013,3,80,20142015,N,5,2,1,3
Scott Perunovich,STL,L,D,1998-08-18,Hibbing,MN,USA,USA,70,175,2018,2,45,20212022,N,5,0,0,0
Aatu Raty,VAN,L,C,2002-11-14,Oulu,--,FIN,FIN,74,190,2021,2,52,20222023,N,5,0,1,1
Logan Mailloux,MTL,R,D,2003-04-15,Belle River,ON,CAN,CAN,75,213,2021,1,31,20232024,N,5,1,2,3
Zack Ostapchuk,OTT,L,C,2003-05-29,St. Albert,AB,CAN,CAN,76,212,2021,2,39,20232024,N,5,0,1,1
Adam Klapka,CGY,R,R,2000-09-14,Praha,--,CZE,CZE,80,235,--,--,--,20232024,N,5,0,0,0
Samuel Honzek,CGY,L,L,2004-11-12,Trencin,--,SVK,SVK,76,186,2023,1,16,20242025,N,5,0,0,0
Alec Martinez,CHI,L,D,1987-07-26,Rochester Hills,MI,USA,USA,73,210,2007,4,95,20092010,N,4,0,1,1
Nick Leddy,STL,L,D,1991-03-20,Eden Prairie,MN,USA,USA,72,205,2009,1,16,20102011,N,4,0,0,0
Justin Dowling,NJD,L,C,1990-10-01,Calgary,AB,CAN,CAN,70,180,--,--,--,20162017,N,4,0,1,1
Derek Forbort,VAN,L,D,1992-03-04,Duluth,MN,USA,USA,76,216,2010,1,15,20152016,N,4,0,1,1
T.J. Tynan,COL,R,C,1992-02-25,Orland Park,IL,USA,USA,68,160,2011,3,66,20162017,N,4,0,0,0
Tyler Motte,DET,L,C,1995-03-10,St. Clair,MI,USA,USA,70,194,2013,4,121,20162017,N,4,0,0,0
Haydn Fleury,WPG,L,D,1996-07-08,Carlyle,SK,CAN,CAN,76,207,2014,1,7,20172018,N,4,0,0,0
Victor Olofsson,VGK,L,L,1995-07-18,Ornskoldsvik,--,SWE,SWE,71,180,2014,7,181,20182019,N,4,3,0,3
Vince Dunn,SEA,L,D,1996-10-29,Mississauga,ON,CAN,CAN,72,200,2015,2,56,20172018,N,4,1,2,3
Oliver Kylington,COL,L,D,1997-05-19,Stockholm,--,SWE,SWE,72,183,2015,2,60,20152016,N,4,0,0,0
Caleb Jones,LAK,L,D,1997-06-06,Arlington,TX,USA,USA,73,194,2015,4,117,20182019,N,4,0,0,0
Max Jones,BOS,L,L,1998-02-17,Rochester,MI,USA,USA,75,216,2016,1,24,20182019,N,4,0,0,0
Michael Carcone,UTA,L,L,1996-05-19,Ajax,ON,CAN,CAN,69,182,--,--,--,20212022,N,4,0,0,0
Timothy Liljegren,SJS,R,D,1999-04-30,Kristianstad,--,SWE,SWE,73,201,2017,1,17,20192020,N,4,0,0,0
Sean Durzi,UTA,R,D,1998-10-21,Mississauga,ON,CAN,CAN,73,199,2018,2,52,20212022,N,4,0,2,2
Alexander Alexeyev,WSH,L,D,1999-11-15,St. Petersburg,--,RUS,RUS,76,213,2018,1,31,20212022,N,4,0,0,0
John Ludvig,COL,L,D,2000-08-02,Liberec,--,CZE,CZE,73,210,2019,3,69,20232024,N,4,0,1,1
Blake Lizotte,PIT,L,C,1997-12-13,Lindstrom,MN,USA,USA,69,173,--,--,--,20182019,N,4,2,0,2
Kaedan Korczak,VGK,R,D,2001-01-29,Yorkton,SK,CAN,CAN,75,203,2019,2,41,20212022,N,4,0,2,2
Artem Zub,OTT,R,D,1995-10-03,Khabarovsk,--,RUS,RUS,75,200,--,--,--,20202021,N,4,0,0,0
Nils Aman,VAN,L,C,2000-02-07,Avesta,--,SWE,SWE,74,179,2020,6,167,20222023,N,4,0,2,2
Kent Johnson,CBJ,L,C,2002-10-18,Port Moody,BC,CAN,CAN,72,180,2021,1,5,20212022,N,4,2,3,5
David Jiricek,CBJ,R,D,2003-11-28,Klatovy,--,CZE,CZE,76,204,2022,1,6,20222023,N,4,0,1,1
Jett Luchanko,PHI,R,C,2006-08-21,London,ON,CAN,CAN,71,180,2024,1,13,20242025,N,4,0,0,0
Matt Martin,NYI,L,L,1989-05-08,Windsor,ON,CAN,CAN,75,215,2008,5,148,20092010,N,3,0,1,1
Erik Gudbranson,CBJ,R,D,1992-01-07,Ottawa,ON,CAN,CAN,77,222,2010,1,3,20112012,N,3,0,0,0
Liam O'Brien,UTA,L,C,1994-07-29,Halifax,NS,CAN,CAN,73,215,--,--,--,20142015,N,3,0,0,0
Conor Sheary,TBL,L,L,1992-06-08,Winchester,MA,USA,USA,68,182,--,--,--,20152016,N,3,0,0,0
Tomas Nosek,FLA,L,L,1992-09-01,Pardubice,--,CZE,CZE,75,199,--,--,--,20152016,N,3,1,1,2
Sonny Milano,WSH,L,L,1996-05-12,Massapequa,NY,USA,USA,72,194,2014,1,16,20152016,N,3,0,0,0
Nicolas Aube-Kubel,BUF,R,R,1996-05-10,Slave Lake,AB,CAN,CAN,72,213,2014,2,48,20182019,N,3,0,0,0
Noah Juulsen,VAN,R,D,1997-04-02,Surrey,BC,CAN,CAN,74,201,2015,1,26,20172018,N,3,0,0,0
Dennis Gilbert,BUF,L,D,1996-10-30,Buffalo,NY,USA,USA,74,216,2015,3,91,20182019,N,3,0,0,0
Ryan Shea,PIT,L,D,1997-02-11,Milton,MA,USA,USA,73,220,2015,4,121,20232024,N,3,0,0,0
Michael Pezzetta,MTL,L,L,1998-03-13,Toronto,ON,CAN,CAN,73,219,2016,6,160,20212022,N,3,0,0,0
Kailer Yamamoto,UTA,R,R,1998-09-29,Spokane,WA,USA,USA,69,178,2017,1,22,20172018,N,3,0,0,0
Jacob Bryson,BUF,L,D,1997-11-18,London,ON,CAN,CAN,69,177,2017,4,99,20202021,N,3,0,0,0
Grant Hutton,NYI,R,D,1995-07-25,Carmel,IN,USA,USA,75,210,--,--,--,20212022,N,3,0,0,0
Noah Philp,EDM,R,C,1998-08-31,Canmore,AB,CAN,CAN,75,198,--,--,--,20242025,N,3,0,1,1
Dmitri Voronkov,CBJ,L,L,2000-09-10,Angarsk,--,RUS,RUS,77,227,2019,4,114,20232024,N,3,0,0,0
Isaak Phillips,CHI,L,D,2001-09-28,Barrie,ON,CAN,CAN,75,205,2020,5,141,20212022,N,3,1,0,1
Ethan Cardwell,SJS,R,R,2002-08-30,Oshawa,ON,CAN,CAN,71,180,2021,4,121,20242025,N,3,0,0,0
Matt Rempe,NYR,R,C,2002-06-29,Calgary,AB,CAN,CAN,81,255,2020,6,165,20232024,N,3,0,0,0
Rutger McGroarty,PIT,L,R,2004-03-30,Lincoln,NE,USA,USA,73,203,2022,1,14,20242025,N,3,0,0,0
Macklin Celebrini,SJS,L,C,2006-06-13,North Vancouver,BC,CAN,CAN,72,190,2024,1,1,20242025,N,3,3,1,4
Nikita Prishchepov,COL,L,C,2004-02-20,Orenburg,--,RUS,RUS,73,194,2024,7,217,20242025,N,3,0,0,0
Tyler Johnson,BOS,R,C,1990-07-29,Spokane,WA,USA,USA,68,185,--,--,--,20122013,N,2,0,0,0
Austin Watson,DET,R,L,1992-01-13,Ann Arbor,MI,USA,USA,76,238,2010,1,18,20122013,N,2,0,0,0
Michael Sgarbossa,WSH,L,C,1992-07-25,Campbellville,ON,CAN,CAN,72,179,--,--,--,20122013,N,2,0,0,0
Jimmy Vesey,NYR,L,L,1993-05-26,Boston,MA,USA,USA,74,203,2012,3,66,20162017,N,2,0,0,0
Artturi Lehkonen,COL,L,L,1995-07-04,Piikkio,--,FIN,FIN,71,179,2013,2,55,20162017,N,2,1,1,2
Joel Hanley,CGY,L,D,1991-06-08,Keswick,ON,CAN,CAN,71,186,--,--,--,20152016,N,2,0,0,0
Matt Roy,WSH,R,D,1995-03-01,Detroit,MI,USA,USA,74,210,2015,7,194,20182019,N,2,0,1,1
Riley Tufte,BOS,L,L,1998-04-10,Coon Rapids,MN,USA,USA,78,230,2016,1,25,20212022,N,2,0,0,0
Givani Smith,SJS,L,R,1998-02-27,Toronto,ON,CAN,CAN,74,214,2016,2,46,20192020,N,2,0,0,0
Drake Caggiula,EDM,L,L,1994-06-20,Pickering,ON,CAN,CAN,70,179,--,--,--,20162017,N,2,0,1,1
Alex Barré-Boulet,MTL,L,C,1997-05-21,Montmagny,QC,CAN,CAN,70,178,--,--,--,20202021,N,2,0,0,0
Cale Fleury,SEA,R,D,1998-11-19,Carlyle,SK,CAN,CAN,73,204,2017,3,87,20192020,N,2,0,0,0
Urho Vaakanainen,ANA,L,D,1999-01-01,Joensuu,--,FIN,FIN,74,205,2017,1,18,20182019,N,2,0,0,0
Liam Foudy,NYI,L,C,2000-02-04,Scarborough,ON,CAN,CAN,73,186,2018,1,18,20192020,N,2,0,0,0
Cole Reinhardt,OTT,L,L,2000-02-01,Calgary,AB,CAN,CAN,73,207,2020,6,181,20212022,N,2,0,1,1
Gage Goncalves,TBL,L,C,2001-01-16,Mission,BC,CAN,CAN,73,184,2020,2,62,20232024,N,2,0,0,0
Isaiah George,NYI,L,D,2004-02-15,Oakville,ON,CAN,CAN,73,196,2022,4,98,20242025,N,2,0,0,0
Ben Hutton,VGK,L,D,1993-04-20,Brockville,ON,CAN,CAN,75,209,2012,5,147,20152016,N,1,0,0,0
Chad Ruhwedel,NYR,R,D,1990-05-07,San Diego,CA,USA,USA,71,189,--,--,--,20122013,N,1,0,0,0
John Hayden,SEA,R,C,1995-02-14,Chicago,IL,USA,USA,75,223,2013,3,74,20162017,N,1,0,0,0
Jonathan Drouin,COL,L,L,1995-03-28,Ste-Agathe,QC,CAN,CAN,71,198,2013,1,3,20142015,N,1,0,0,0
Anthony Richard,PHI,L,C,1996-12-20,Trois-Rivières,QC,CAN,CAN,70,185,2015,4,100,20182019,N,1,0,0,0
Jansen Harkins,ANA,L,C,1997-05-23,Cleveland,OH,USA,USA,73,199,2015,2,47,20192020,N,1,0,0,0
Philippe Myers,TOR,R,D,1997-01-25,Moncton,NB,CAN,CAN,77,219,--,--,--,20182019,N,1,0,0,0
Julien Gauthier,NYI,R,R,1997-10-15,Pointe-aux-Trembles,QC,CAN,CAN,76,225,2016,1,21,20192020,N,1,0,0,0
David Gustafsson,WPG,L,C,2000-04-11,Tingsryd,--,SWE,SWE,74,196,2018,2,60,20192020,N,1,0,0,0
Daniil Misyul,NJD,L,D,2000-10-20,Minsk,--,BLR,BLR,75,176,2019,3,70,20242025,N,1,0,0,0
Auston Matthews,TOR,L,C,1997-09-17,San Ramon,CA,USA,USA,75,217,2016,1,1,20162017,N,13,5,6,11
Carl Grundstrom,SJS,L,R,1997-12-01,Umea,--,SWE,SWE,72,200,2016,2,57,20182019,N,13,0,2,2
Brett Howden,VGK,L,C,1998-03-29,Calgary,AB,CAN,CAN,74,201,2016,1,27,20182019,N,13,6,1,7
Andrew Peeke,BOS,R,D,1998-03-17,Parkland,FL,USA,USA,75,214,2016,2,34,20192020,N,13,0,2,2
Noah Gregor,OTT,L,L,1998-07-28,Beaumont,AB,CAN,CAN,72,201,2016,4,111,20192020,N,13,2,0,2
Michael Eyssimont,TBL,L,C,1996-09-09,Littleton,CO,USA,USA,72,191,2016,5,142,20212022,N,13,0,1,1
Justin Brazeau,BOS,R,R,1998-02-02,New Liskeard,ON,CAN,CAN,77,220,--,--,--,20232024,N,13,4,1,5
Josh Norris,OTT,L,C,1999-05-05,Oxford,MI,USA,USA,74,196,2017,1,19,20192020,N,13,4,4,8
David Kampf,TOR,L,C,1995-01-12,Chomutov,--,CZE,CZE,74,193,--,--,--,20172018,N,13,0,2,2
Drake Batherson,OTT,R,R,1998-04-27,Fort Wayne,IN,USA,CAN,75,200,2017,4,121,20182019,N,13,6,7,13
Zach Whitecloud,VGK,R,D,1996-11-28,Brandon,MB,CAN,CAN,74,210,--,--,--,20172018,N,13,1,0,1
Brady Tkachuk,OTT,L,L,1999-09-16,Scottsdale,AZ,USA,USA,76,225,2018,1,4,20182019,N,13,7,9,16
Rasmus Kupari,WPG,R,C,2000-03-15,Kotka,--,FIN,FIN,74,201,2018,1,20,20202021,N,13,1,0,1
Jakub Lauko,MIN,L,C,2000-03-28,Prague,--,CZE,CZE,73,193,2018,3,77,20222023,N,13,2,2,4
Peyton Krebs,BUF,L,C,2001-01-26,Calgary,AB,CAN,CAN,72,186,2019,1,17,20202021,N,13,1,3,4
Alex Turcotte,LAK,L,C,2001-02-26,Elk Grove,IL,USA,USA,71,185,2019,1,5,20212022,N,13,1,4,5
Matt Boldy,MIN,L,L,2001-04-05,Milford,MA,USA,USA,74,201,2019,1,12,20212022,N,13,8,7,15
Pavel Dorofeyev,VGK,L,L,2000-10-26,Nizhny Tagil,--,RUS,RUS,73,194,2019,3,79,20212022,N,13,7,3,10
Tye Kartye,SEA,L,L,2001-04-30,Kingston,ON,CAN,CAN,71,202,--,--,--,20232024,N,13,1,0,1
Marco Rossi,MIN,L,C,2001-09-23,Feldkirch,--,AUT,AUT,69,182,2020,1,9,20212022,N,13,3,8,11
Tyler Kleven,OTT,L,D,2002-01-10,Fargo,ND,USA,USA,77,221,2020,2,44,20222023,N,13,0,1,1
Jack Quinn,BUF,R,R,2001-09-19,Ottawa,ON,CAN,CAN,73,185,2020,1,8,20212022,N,13,1,3,4
Jake Sanderson,OTT,L,D,2002-07-08,Whitefish,MT,USA,USA,74,204,2020,1,5,20222023,N,13,1,8,9
Tim Stützle,OTT,L,C,2002-01-15,Viersen,--,DEU,DEU,72,192,2020,1,3,20202021,N,13,6,13,19
Brock Faber,MIN,R,D,2002-08-22,Maple Grove,MN,USA,USA,73,200,2020,2,45,20222023,N,13,2,5,7
Alexander Holtz,VGK,R,R,2002-01-23,Stockholm,--,SWE,SWE,72,198,2020,1,7,20212022,N,13,1,5,6
Tyson Foerster,PHI,R,R,2002-01-18,Alliston,ON,CAN,CAN,74,215,2020,1,23,20222023,N,13,2,1,3
Marat Khusnutdinov,MIN,L,C,2002-07-17,Moscow,--,RUS,RUS,71,176,2020,2,37,20232024,N,13,0,2,2
Bobby McMann,TOR,L,C,1996-06-15,Wainwright,AB,CAN,CAN,74,215,--,--,--,20222023,N,13,3,1,4
Emil Heineman,MTL,L,L,2001-11-16,Leksand,--,SWE,SWE,74,198,2020,2,43,20232024,N,13,2,1,3
Matthew Poitras,BOS,R,C,2004-03-10,Ajax,ON,CAN,CAN,71,180,2022,2,54,20232024,N,13,1,3,4
Matvei Michkov,PHI,L,R,2004-12-09,Perm,--,RUS,RUS,70,172,2023,1,7,20242025,N,13,4,6,10
Brent Burns,CAR,R,D,1985-03-09,Barrie,ON,CAN,CAN,77,228,2003,1,20,20032004,N,12,0,5,5
Alex Ovechkin,WSH,R,L,1985-09-17,Moscow,--,RUS,RUS,75,238,2004,1,1,20052006,N,12,8,8,16
Jordan Staal,CAR,L,C,1988-09-10,Thunder Bay,ON,CAN,CAN,76,220,2006,1,2,20062007,N,12,1,1,2
Alex Killorn,ANA,L,L,1989-09-14,Halifax,NS,CAN,CAN,73,192,2007,3,77,20122013,N,12,2,1,3
Jamie Benn,DAL,L,L,1989-07-18,Victoria,BC,CAN,CAN,75,206,2007,5,129,20092010,N,12,3,3,6
Patrick Kane,DET,L,R,1988-11-19,Buffalo,NY,USA,USA,70,177,2007,1,1,20072008,N,12,2,6,8
Evgenii Dadonov,DAL,L,R,1989-03-12,Chelyabinsk,--,RUS,RUS,71,188,2007,3,71,20092010,N,12,2,2,4
Tyler Myers,VAN,R,D,1990-02-01,Houston,TX,USA,CAN,80,229,2008,1,12,20092010,N,12,0,2,2
John Carlson,WSH,R,D,1990-01-10,Natick,MA,USA,USA,75,215,2008,1,27,20092010,N,12,2,7,9
TJ Brodie,CHI,L,D,1990-06-07,Chatham,ON,CAN,CAN,74,187,2008,4,114,20102011,N,12,0,2,2
Marcus Johansson,MIN,L,L,1990-10-06,Landskrona,--,SWE,SWE,73,203,2009,1,24,20102011,N,12,1,2,3
Matt Duchene,DAL,L,C,1991-01-16,Haliburton,ON,CAN,CAN,71,212,2009,1,3,20092010,N,12,7,8,15
Calvin de Haan,COL,L,D,1991-05-09,Carp,ON,CAN,CAN,73,192,2009,1,12,20112012,N,12,0,1,1
Chris Kreider,NYR,L,L,1991-04-30,Boxford,MA,USA,USA,75,230,2009,1,19,20122013,N,12,7,0,7
Reilly Smith,NYR,L,R,1991-04-01,Mimico,ON,CAN,CAN,73,185,2009,3,69,20112012,N,12,2,6,8
Dmitry Orlov,CAR,L,D,1991-07-23,Novokuznetsk,--,RUS,RUS,71,214,2009,2,55,20112012,N,12,3,5,8
Brian Dumoulin,ANA,L,D,1991-09-06,Biddeford,ME,USA,USA,76,214,2009,2,51,20132014,N,12,0,2,2
Ben Chiarot,DET,L,D,1991-05-09,Hamilton,ON,CAN,CAN,75,224,2009,4,120,20132014,N,12,0,2,2
Nic Dowd,WSH,R,C,1990-05-27,Huntsville,AL,USA,USA,73,193,2009,7,198,20152016,N,12,4,2,6
Radko Gudas,ANA,R,D,1990-06-05,Prague,--,CZE,CZE,72,208,2010,3,66,20122013,N,12,0,0,0
Cam Fowler,ANA,L,D,1991-12-05,Windsor,ON,CAN,USA,74,210,2010,1,12,20102011,N,12,0,2,2
Sam Carrick,NYR,R,C,1992-02-04,Markham,ON,CAN,CAN,72,202,2010,5,144,20142015,N,12,1,1,2
Colin Blackwell,DAL,R,C,1993-03-28,North Andover,MA,USA,USA,68,190,2011,7,194,20182019,N,12,1,2,3
Sean Kuraly,CBJ,L,C,1993-01-20,Niagara Falls,NY,USA,USA,74,215,2011,5,133,20162017,N,12,1,2,3
Vincent Trocheck,NYR,R,C,1993-07-11,Pittsburgh,PA,USA,USA,71,188,2011,3,64,20132014,N,12,3,6,9
Ryan Strome,ANA,R,C,1993-07-11,Mississauga,ON,CAN,CAN,73,192,2011,1,5,20132014,N,12,3,3,6
Mika Zibanejad,NYR,R,C,1993-04-18,Stockholm,--,SWE,SWE,74,203,2011,1,6,20112012,N,12,2,8,10
J.T. Miller,VAN,L,C,1993-03-14,East Palestine,OH,USA,USA,73,218,2011,1,15,20122013,N,12,5,6,11
Mark Jankowski,NSH,L,L,1994-09-13,Hamilton,ON,CAN,CAN,76,212,2012,1,21,20162017,N,12,0,1,1
Tom Wilson,WSH,R,R,1994-03-29,Toronto,ON,CAN,CAN,76,220,2012,1,16,20132014,N,12,6,3,9
Jacob Trouba,NYR,R,D,1994-02-26,Rochester,MI,USA,USA,75,212,2012,1,9,20132014,N,12,0,5,5
Esa Lindell,DAL,L,D,1994-05-23,Vantaa,--,FIN,FIN,75,217,2012,3,74,20152016,N,12,1,3,4
Shayne Gostisbehere,CAR,L,D,1993-04-20,Pembroke Pines,FL,USA,USA,71,183,2012,3,78,20142015,N,12,4,5,9
Jordan Martinook,CAR,L,L,1992-07-25,Brandon,MB,CAN,CAN,73,208,2012,2,58,20142015,N,12,2,3,5
Damon Severson,CBJ,R,D,1994-08-07,Melville,SK,CAN,CAN,74,204,2012,2,60,20142015,N,12,3,4,7
Teddy Blueger,VAN,L,C,1994-08-15,Riga,--,LVA,LVA,72,185,2012,2,52,20182019,N,12,2,4,6
Brock McGinn,ANA,L,L,1994-02-02,Fergus,ON,CAN,CAN,72,191,2012,2,47,20152016,N,12,2,2,4
Jaccob Slavin,CAR,L,D,1994-05-01,Denver,CO,USA,USA,75,207,2012,4,120,20152016,N,12,1,4,5
Carson Soucy,VAN,L,D,1994-07-27,Viking,AB,CAN,CAN,77,208,2013,5,137,20172018,N,12,0,1,1
Andrew Copp,DET,L,C,1994-07-08,Ann Arbor,MI,USA,USA,73,203,2013,4,104,20142015,N,12,5,2,7
Michael McCarron,NSH,R,C,1995-03-07,Grosse Pointe,MI,USA,USA,78,232,2013,1,25,20152016,N,12,1,1,2
Shea Theodore,VGK,L,D,1995-08-03,Aldergrove,BC,CAN,CAN,74,197,2013,1,26,20152016,N,12,1,9,10
William Carrier,CAR,L,L,1994-12-20,LaSalle,QC,CAN,CAN,74,220,2013,2,57,20162017,N,12,1,2,3
Sean Monahan,CBJ,L,C,1994-10-12,Brampton,ON,CAN,CAN,74,197,2013,1,6,20132014,N,12,6,5,11
Curtis Lazar,NJD,R,C,1995-02-02,Salmon Arm,BC,CAN,CAN,72,203,2013,1,17,20142015,N,12,1,1,2
Trevor van Riemsdyk,WSH,R,D,1991-07-24,Middletown,NJ,USA,USA,75,191,--,--,--,20142015,N,12,0,7,7
Dylan Larkin,DET,L,C,1996-07-30,Waterford,MI,USA,USA,73,199,2014,1,15,20152016,N,12,8,2,10
Robby Fabbri,ANA,L,C,1996-01-22,Mississauga,ON,CAN,CAN,71,185,2014,1,21,20152016,N,12,1,0,1
Brayden Point,TBL,R,C,1996-03-13,Calgary,AB,CAN,CAN,71,175,2014,3,79,20162017,N,12,8,5,13
Danton Heinen,VAN,L,L,1995-07-05,Langley,BC,CAN,CAN,74,195,2014,4,116,20162017,N,12,3,3,6
Andrew Mangiapane,WSH,L,L,1996-04-04,Toronto,ON,CAN,CAN,70,184,2015,6,166,20172018,N,12,3,1,4
Sebastian Aho,CAR,L,C,1997-07-26,Rauma,--,FIN,FIN,72,180,2015,2,35,20162017,N,12,3,9,12
Tommy Novak,NSH,L,C,1997-04-28,St. Paul,MN,USA,USA,73,179,2015,3,85,20212022,N,12,3,1,4
Dylan Strome,WSH,L,C,1997-03-07,Mississauga,ON,CAN,CAN,75,200,2015,1,3,20162017,N,12,4,15,19
Brock Boeser,VAN,R,R,1997-02-25,Burnsville,MN,USA,USA,73,208,2015,1,23,20162017,N,12,6,5,11
Roope Hintz,DAL,L,C,1996-11-17,Nokia,--,FIN,FIN,75,213,2015,2,49,20182019,N,12,4,4,8
Jack Roslovic,CAR,R,C,1997-01-29,Columbus,OH,USA,USA,73,198,2015,1,25,20162017,N,12,9,1,10
Zach Werenski,CBJ,L,D,1997-07-19,Grosse Pointe,MI,USA,USA,74,211,2015,1,8,20162017,N,12,3,6,9
Jake DeBrusk,VAN,L,L,1996-10-17,Edmonton,AB,CAN,CAN,73,198,2015,1,14,20172018,N,12,3,4,7
Ivan Provorov,CBJ,L,D,1997-01-13,Yaroslavl,--,RUS,RUS,73,213,2015,1,7,20162017,N,12,0,3,3
Artemi Panarin,NYR,R,L,1991-10-30,Korkino,--,RUS,RUS,72,177,--,--,--,20152016,N,12,9,10,19
Derek Ryan,EDM,R,C,1986-12-29,Spokane,WA,USA,USA,70,185,--,--,--,20152016,N,12,0,0,0
Conor Garland,VAN,R,R,1996-03-11,Scituate,MA,USA,USA,70,165,2015,5,123,20182019,N,12,4,7,11
Troy Terry,ANA,R,R,1997-09-10,Denver,CO,USA,USA,72,191,2015,5,148,20172018,N,12,5,5,10
Adam Gaudette,OTT,R,R,1996-10-03,Braintree,MA,USA,USA,73,187,2015,5,149,20172018,N,12,6,1,7
Jalen Chatfield,CAR,R,D,1996-05-15,Ypsilanti,MI,USA,USA,73,199,--,--,--,20202021,N,12,0,4,4
Adam Fox,NYR,R,D,1998-02-17,Jericho,NY,USA,USA,71,180,2016,3,66,20192020,N,12,0,9,9
Alex DeBrincat,DET,R,R,1997-12-18,Farmington Hills,MI,USA,USA,68,180,2016,2,39,20172018,N,12,6,5,11
Morgan Frost,PHI,L,C,1999-05-14,Aurora,ON,CAN,CAN,72,193,2017,1,27,20192020,N,14,1,5,6
Dylan Samberg,WPG,L,D,1999-01-24,Saginaw,MN,USA,USA,76,216,2017,2,43,20212022,N,14,3,2,5
Cale Makar,COL,R,D,1998-10-30,Calgary,AB,CAN,CAN,72,187,2017,1,4,20192020,N,14,5,18,23
Alex Iafallo,WPG,L,L,1993-12-21,Eden,NY,USA,USA,72,201,--,--,--,20172018,N,14,1,3,4
Neal Pionk,WPG,R,D,1995-07-29,Omaha,NE,USA,USA,72,190,--,--,--,20172018,N,14,3,10,13
Eetu Luostarinen,FLA,L,C,1998-09-02,Siilinjarvi,--,FIN,FIN,75,191,2017,2,42,20192020,N,14,3,4,7
Morgan Barron,WPG,L,C,1998-12-02,Halifax,NS,CAN,CAN,76,220,2017,6,174,20202021,N,14,0,1,1
Parker Kelly,COL,L,C,1999-05-14,Camrose,AB,CAN,CAN,73,185,--,--,--,20202021,N,14,0,1,1
Joel Farabee,PHI,L,L,2000-02-25,Syracuse,NY,USA,USA,72,186,2018,1,14,20192020,N,14,2,4,6
Philipp Kurashev,CHI,L,C,1999-10-12,Munsingen,--,CHE,CHE,72,190,2018,4,120,20202021,N,14,2,1,3
Ryan McLeod,BUF,L,C,1999-09-21,Mississauga,ON,CAN,CAN,75,188,2018,2,40,20202021,N,14,4,5,9
Evan Bouchard,EDM,R,D,1999-10-20,Oakville,ON,CAN,CAN,75,192,2018,1,10,20182019,N,14,3,4,7
Rasmus Dahlin,BUF,L,D,2000-04-13,Lidkoping,--,SWE,SWE,75,204,2018,1,1,20182019,N,14,2,8,10
Barrett Hayton,UTA,L,C,2000-06-09,Peterborough,ON,CAN,CAN,73,200,2018,1,5,20192020,N,14,5,3,8
Jack McBain,UTA,L,C,2000-01-06,Toronto,ON,CAN,CAN,76,219,2018,3,63,20212022,N,14,3,3,6
Kevin Bahl,CGY,L,D,2000-06-27,New Westminster,BC,CAN,CAN,78,230,2018,2,55,20202021,N,14,0,6,6
Noah Dobson,NYI,R,D,2000-01-07,Summerside,PE,CAN,CAN,76,200,2018,1,12,20192020,N,14,0,6,6
Michael Kesselring,UTA,R,D,2000-01-13,New Hampton,NH,USA,USA,76,215,2018,6,164,20222023,N,14,3,4,7
Martin Pospisil,CGY,L,C,1999-11-19,Zvolen,--,SVK,SVK,74,173,2018,4,105,20232024,N,14,1,4,5
Nikolai Kovalenko,COL,L,R,1999-10-17,Raleigh,NC,USA,USA,70,180,2018,6,171,20242025,N,14,2,4,6
Simon Benoit,TOR,L,D,1998-09-19,Laval,QC,CAN,CAN,76,211,--,--,--,20202021,N,14,0,1,1
Brayden Pachal,CGY,R,D,1999-08-23,Estevan,SK,CAN,CAN,74,202,--,--,--,20212022,N,14,0,1,1
Logan O'Connor,COL,R,R,1996-08-14,Missouri City,TX,USA,USA,72,175,--,--,--,20182019,N,14,1,1,2
Kyle MacLean,NYI,L,C,1999-04-29,Livingston,NJ,USA,USA,73,194,--,--,--,20232024,N,14,0,1,1
Kirby Dach,MTL,R,C,2001-01-21,Fort Saskatchewan,AB,CAN,CAN,76,221,2019,1,3,20192020,N,14,1,4,5
Bowen Byram,BUF,L,D,2001-06-13,Cranbrook,BC,CAN,CAN,73,205,2019,1,4,20202021,N,14,3,6,9
Dylan Cozens,BUF,R,C,2001-02-09,Whitehorse,YT,CAN,CAN,75,207,2019,1,7,20202021,N,14,2,3,5
Cole Caufield,MTL,R,R,2001-01-02,Mosinee,WI,USA,USA,68,175,2019,1,15,20202021,N,14,10,1,11
Henry Thrun,SJS,L,D,2001-03-12,Southborough,MA,USA,USA,74,190,2019,4,101,20222023,N,14,0,3,3
Simon Holmstrom,NYI,L,R,2001-05-24,Tranas,--,SWE,SWE,74,215,2019,1,23,20222023,N,14,1,4,5
Jordan Spence,LAK,R,D,2001-02-24,Manly,--,AUS,CAN,71,180,2019,4,95,20212022,N,14,1,3,4
Vasily Podkolzin,EDM,L,R,2001-06-24,Moscow,--,RUS,RUS,73,190,2019,1,10,20212022,N,14,0,3,3
Alex Newhook,MTL,L,C,2001-01-28,St. John's,NL,CAN,CAN,71,200,2019,1,16,20202021,N,14,4,0,4
Joel Kiviranta,COL,L,L,1996-03-23,Vantaa,--,FIN,FIN,71,185,--,--,--,20192020,N,14,4,0,4
Matias Maccelli,UTA,L,L,2000-10-14,Turku,--,FIN,FIN,71,185,2019,4,98,20212022,N,14,3,4,7
Cole Smith,NSH,L,R,1995-10-28,Brainerd,MN,USA,USA,75,195,--,--,--,20202021,N,14,1,1,2
Mitchell Chaffee,TBL,R,R,1998-01-26,Grand Rapids,MI,USA,USA,73,204,--,--,--,20212022,N,14,4,2,6
Connor Zary,CGY,L,C,2001-09-25,Saskatoon,SK,CAN,CAN,72,178,2020,1,24,20232024,N,14,3,5,8
Dylan Holloway,STL,L,L,2001-09-23,Calgary,AB,CAN,CAN,73,206,2020,1,14,20222023,N,14,4,2,6
Jake Neighbours,STL,L,L,2002-03-29,Calgary,AB,CAN,CAN,72,201,2020,1,26,20212022,N,14,4,2,6
Anton Lundell,FLA,L,C,2001-10-03,Espoo,--,FIN,FIN,73,196,2020,1,12,20212022,N,14,6,8,14
Jamie Drysdale,PHI,R,D,2002-04-08,Toronto,ON,CAN,CAN,71,185,2020,1,6,20202021,N,14,1,2,3
Luke Evangelista,NSH,R,R,2002-02-21,Toronto,ON,CAN,CAN,72,183,2020,2,42,20222023,N,14,1,6,7
Cole Perfetti,WPG,L,C,2002-01-01,Whitby,ON,CAN,CAN,71,185,2020,1,10,20212022,N,14,4,7,11
Wyatt Kaiser,CHI,L,D,2002-07-31,Andover,MN,USA,USA,72,173,2020,3,81,20222023,N,14,0,1,1
J.J. Moser,TBL,L,D,2000-06-06,Biel,--,CHE,CHE,74,181,2021,2,60,20212022,N,14,2,4,6
Matty Beniers,SEA,L,C,2002-11-05,Hingham,MA,USA,USA,74,181,2021,1,2,20212022,N,14,3,6,9
William Eklund,SJS,L,L,2002-10-12,Stockholm,--,SWE,SWE,71,181,2021,1,7,20212022,N,14,2,7,9
Owen Power,BUF,L,D,2002-11-22,Mississauga,ON,CAN,CAN,78,226,2021,1,1,20212022,N,14,3,6,9
Dylan Guenther,UTA,R,R,2003-04-10,Edmonton,AB,CAN,CAN,73,191,2021,1,9,20222023,N,14,7,5,12
Mackie Samoskevich,FLA,R,R,2002-11-15,Newtown,CT,USA,USA,71,180,2021,1,24,20232024,N,14,2,2,4
Matthew Knies,TOR,L,L,2002-10-17,Phoenix,AZ,USA,USA,75,227,2021,2,57,20222023,N,14,7,2,9
Ryker Evans,SEA,L,D,2001-12-13,Calgary,AB,CAN,CAN,72,195,2021,2,35,20232024,N,14,3,5,8
Logan Cooley,UTA,L,C,2004-05-04,Pittsburgh,PA,USA,USA,72,191,2022,1,3,20232024,N,14,2,9,11
Conor Geekie,TBL,L,C,2004-05-05,Strathclair,MB,CAN,CAN,76,207,2022,1,11,20242025,N,14,2,1,3
Lane Hutson,MTL,L,D,2004-02-14,Holland,MI,USA,USA,69,162,2022,2,62,20232024,N,14,0,7,7
Shane Wright,SEA,R,C,2004-01-05,Burlington,ON,CAN,CAN,72,192,2022,1,4,20222023,N,14,1,1,2
Andrei Kuzmenko,CGY,R,L,1996-02-04,Yakutsk,--,RUS,RUS,71,194,--,--,--,20222023,N,14,1,6,7
Ivan Ivan,COL,L,C,2002-08-20,Ostrava,--,CZE,CZE,72,190,--,--,--,20242025,N,14,3,2,5
Sam Malinski,COL,R,D,1998-07-27,Lakeville,MN,USA,USA,71,190,--,--,--,20232024,N,14,0,3,3
Uvis Balinskis,FLA,L,D,1996-08-01,Ventspils,--,LVA,LVA,72,196,--,--,--,20232024,N,14,0,4,4
Maxim Tsyplakov,NYI,L,R,1998-09-19,Moscow,--,RUS,RUS,75,210,--,--,--,20242025,N,14,2,6,8
Claude Giroux,OTT,R,R,1988-01-12,Hearst,ON,CAN,CAN,71,188,2006,1,22,20072008,N,13,5,6,11
Patrick Maroon,CHI,L,L,1988-04-23,St. Louis,MO,USA,USA,75,234,2007,6,161,20112012,N,13,0,3,3
Alex Pietrangelo,VGK,R,D,1990-01-18,King City,ON,CAN,CAN,75,215,2008,1,4,20082009,N,13,1,11,12
Zach Bogosian,MIN,R,D,1990-07-15,Massena,NY,USA,USA,75,231,2008,1,3,20082009,N,13,2,2,4
Travis Hamonic,OTT,R,D,1990-08-16,St. Malo,MB,CAN,CAN,72,195,2008,2,53,20102011,N,13,0,0,0
John Tavares,TOR,L,C,1990-09-20,Mississauga,ON,CAN,CAN,73,211,2009,1,1,20092010,N,13,5,6,11
Brayden McNabb,VGK,L,D,1991-01-21,Davidson,SK,CAN,CAN,76,215,2009,3,66,20112012,N,13,1,1,2
Marcus Foligno,MIN,L,L,1991-08-10,Buffalo,NY,USA,CAN,75,226,2009,4,104,20112012,N,13,2,2,4
Craig Smith,CHI,R,C,1989-09-05,Madison,WI,USA,USA,73,203,2009,4,98,20112012,N,13,4,2,6
Nick Jensen,OTT,R,D,1990-09-21,Rogers,MN,USA,USA,72,196,2009,5,150,20162017,N,13,1,5,6
Mats Zuccarello,MIN,L,R,1987-09-01,Oslo,--,NOR,NOR,68,181,--,--,--,20102011,N,13,6,6,12
Mark Stone,VGK,R,R,1992-05-13,Winnipeg,MB,CAN,CAN,75,210,2010,6,178,20122013,N,13,6,15,21
Nick Cousins,OTT,L,C,1993-07-20,Belleville,ON,CAN,CAN,71,186,2011,3,68,20142015,N,13,1,3,4
Joel Edmundson,LAK,L,D,1993-06-28,Brandon,MB,CAN,CAN,77,221,2011,2,46,20152016,N,13,3,2,5
Jonas Brodin,MIN,L,D,1993-07-12,Karlstad,--,SWE,SWE,74,196,2011,1,10,20122013,N,13,1,5,6
Tanner Pearson,VGK,L,L,1992-08-10,Kitchener,ON,CAN,CAN,73,207,2012,1,30,20132014,N,13,3,4,7
Tomas Hertl,VGK,L,C,1993-11-12,Praha,--,CZE,CZE,75,220,2012,1,17,20132014,N,13,4,8,12
Colton Sissons,NSH,R,C,1993-11-05,North Vancouver,BC,CAN,CAN,73,200,2012,2,50,20132014,N,13,1,0,1
Nate Schmidt,FLA,L,D,1991-07-16,St. Cloud,MN,USA,USA,72,197,--,--,--,20132014,N,13,1,3,4
Connor Clifton,BUF,R,D,1995-04-28,Matawan,NJ,USA,USA,71,195,2013,5,133,20182019,N,13,0,3,3
Oliver Bjorkstrand,SEA,R,R,1995-04-10,Herning,--,DNK,DNK,72,175,2013,3,89,20152016,N,13,3,2,5
Anthony Mantha,CGY,L,R,1994-09-16,Longueuil,QC,CAN,CAN,77,234,2013,1,20,20152016,N,13,4,3,7
Frederick Gaudreau,MIN,R,C,1993-05-01,Bromont,QC,CAN,CAN,72,184,--,--,--,20162017,N,13,2,5,7
Ivan Barbashev,VGK,L,C,1995-12-14,Moscow,--,RUS,RUS,72,203,2014,2,33,20162017,N,13,7,8,15
Brandon Montour,SEA,R,D,1994-04-11,Brantford,ON,CAN,CAN,72,199,2014,2,55,20162017,N,13,4,6,10
Ryan Donato,CHI,L,C,1996-04-09,Boston,MA,USA,USA,72,190,2014,2,56,20172018,N,13,7,3,10
Jake Walman,SJS,L,D,1996-02-20,Toronto,ON,CAN,CAN,73,218,2014,3,82,20192020,N,13,1,8,9
Michael Amadio,OTT,R,R,1996-05-13,Sault Ste. Marie,ON,CAN,CAN,73,199,2014,3,90,20172018,N,13,0,2,2
Sam Lafferty,BUF,R,C,1995-03-06,Hollidaysburg,PA,USA,USA,74,205,2014,4,113,20192020,N,13,1,0,1
Jake Middleton,MIN,L,D,1996-01-02,Wainwright,AB,CAN,CAN,75,219,2014,7,210,20182019,N,13,2,6,8
Noah Hanifin,VGK,L,D,1997-01-25,Boston,MA,USA,USA,75,206,2015,1,5,20152016,N,13,3,5,8
Jack Eichel,VGK,R,C,1996-10-28,North Chelmsford,MA,USA,USA,74,206,2015,1,2,20152016,N,13,4,15,19
Jordan Greenway,BUF,L,L,1997-02-16,Canton,NY,USA,USA,78,231,2015,2,50,20172018,N,13,3,3,6
Keegan Kolesar,VGK,R,R,1997-04-08,Brandon,MB,CAN,CAN,74,216,2015,3,69,20192020,N,13,4,4,8
Nicolas Roy,VGK,R,C,1997-02-05,Amos,QC,CAN,CAN,76,201,2015,4,96,20172018,N,13,3,5,8
Thomas Chabot,OTT,L,D,1997-01-30,Sainte-Marie,QC,CAN,CAN,73,203,2015,1,18,20162017,N,13,1,6,7
Yakov Trenin,MIN,L,C,1997-01-13,Chelyabinsk,--,RUS,RUS,74,201,2015,2,55,20192020,N,13,0,1,1
Kirill Kaprizov,MIN,L,L,1997-04-26,Novokuznetsk,--,RUS,RUS,70,202,2015,5,135,20202021,N,13,7,17,24
Zach Hyman,EDM,R,L,1992-06-09,Toronto,ON,CAN,CAN,73,206,2010,5,123,20152016,N,14,3,2,5
Nino Niederreiter,WPG,L,R,1992-09-08,Chur,--,CHE,CHE,74,218,2010,1,5,20102011,N,14,7,5,12
Brendan Gallagher,MTL,R,R,1992-05-06,Edmonton,AB,CAN,CAN,69,185,2010,5,147,20122013,N,14,6,1,7
Josh Manson,COL,R,D,1991-10-07,Hinsdale,IL,USA,CAN,75,218,2011,6,160,20142015,N,14,1,4,5
Dylan DeMelo,WPG,R,D,1993-05-01,London,ON,CAN,CAN,73,194,2011,6,179,20152016,N,14,0,2,2
Adam Lowry,WPG,L,C,1993-03-29,St. Louis,MO,USA,USA,77,210,2011,3,67,20142015,N,14,2,9,11
Blake Coleman,CGY,L,C,1991-11-28,Plano,TX,USA,USA,71,199,2011,3,75,20162017,N,14,3,4,7
Jean-Gabriel Pageau,NYI,R,C,1992-11-11,Ottawa,ON,CAN,CAN,71,195,2011,4,96,20122013,N,14,4,2,6
Scott Mayfield,NYI,R,D,1992-10-14,St. Louis,MO,USA,USA,77,213,2011,2,34,20132014,N,14,0,2,2
Nikita Kucherov,TBL,L,R,1993-06-17,Maykop,--,RUS,RUS,72,180,2011,2,58,20132014,N,14,11,12,23
Ryan Nugent-Hopkins,EDM,L,C,1993-04-12,Burnaby,BC,CAN,CAN,73,192,2011,1,1,20112012,N,14,1,4,5
Jonathan Huberdeau,CGY,L,C,1993-06-04,Saint-Jerome,QC,CAN,CAN,73,200,2011,1,3,20122013,N,14,5,3,8
Adam Larsson,SEA,R,D,1992-11-12,Skelleftea,--,SWE,SWE,75,207,2011,1,4,20112012,N,14,1,2,3
Mark Scheifele,WPG,R,C,1993-03-15,Kitchener,ON,CAN,CAN,75,207,2011,1,7,20112012,N,14,7,11,18
Sean Couturier,PHI,L,C,1992-12-07,Phoenix,AZ,USA,CAN,76,210,2011,1,8,20112012,N,14,3,5,8
Jamie Oleksiak,SEA,L,D,1992-12-21,Toronto,ON,CAN,CAN,79,252,2011,1,14,20122013,N,14,1,3,4
Joel Armia,MTL,R,R,1993-05-31,Pori,--,FIN,FIN,75,216,2011,1,16,20142015,N,14,2,4,6
Vladislav Namestnikov,WPG,L,C,1992-11-22,Zhukovskiy,--,RUS,RUS,72,181,2011,1,27,20132014,N,14,3,6,9
Colin Miller,WPG,R,D,1992-10-29,Sault Ste. Marie,ON,CAN,CAN,73,200,2012,5,151,20152016,N,14,2,4,6
Jonathan Marchessault,NSH,R,R,1990-12-27,Cap-Rouge,QC,CAN,CAN,69,185,--,--,--,20122013,N,14,2,5,7
Luke Glendening,TBL,R,C,1989-04-28,Grand Rapids,MI,USA,USA,71,190,--,--,--,20132014,N,14,0,0,0
Yanni Gourde,SEA,L,C,1991-12-15,Saint-Narcisse,QC,CAN,CAN,69,174,--,--,--,20152016,N,14,0,3,3
Morgan Rielly,TOR,L,D,1994-03-09,Vancouver,BC,CAN,CAN,73,225,2012,1,5,20132014,N,14,4,5,9
Brady Skjei,NSH,L,D,1994-03-26,Lakeville,MN,USA,USA,75,210,2012,1,28,20152016,N,14,2,4,6
Scott Laughton,PHI,L,C,1994-05-30,Oakville,ON,CAN,CAN,73,191,2012,1,20,20122013,N,14,2,3,5
Mike Matheson,MTL,L,D,1994-02-27,Pointe-Claire,QC,CAN,CAN,74,196,2012,1,23,20152016,N,14,0,9,9
Zemgus Girgensons,TBL,L,C,1994-01-05,Riga,--,LVA,LVA,75,192,2012,1,14,20132014,N,14,0,0,0
Filip Forsberg,NSH,R,L,1994-08-13,Ostervala,--,SWE,SWE,73,205,2012,1,11,20122013,N,14,6,5,11
Radek Faksa,STL,L,C,1994-01-09,Vitkov,--,CZE,CZE,75,215,2012,1,13,20152016,N,14,1,1,2
Colton Parayko,STL,R,D,1993-05-12,St. Albert,AB,CAN,CAN,78,228,2012,3,86,20152016,N,14,4,5,9
Chandler Stephenson,SEA,L,C,1994-04-22,Saskatoon,SK,CAN,CAN,72,201,2012,3,77,20152016,N,14,1,8,9
Jake McCabe,TOR,L,D,1993-10-12,Eau Claire,WI,USA,USA,73,212,2012,2,44,20132014,N,14,0,5,5
Brett Kulak,EDM,L,D,1994-01-06,Edmonton,AB,CAN,CAN,74,192,2012,4,105,20142015,N,14,3,1,4
Josh Anderson,MTL,R,R,1994-05-07,Burlington,ON,CAN,CAN,75,226,2012,4,95,20142015,N,14,2,4,6
Connor Brown,EDM,R,R,1994-01-14,Toronto,ON,CAN,CAN,72,184,2012,6,156,20152016,N,14,1,1,2
Alexander Kerfoot,UTA,L,C,1994-08-11,Vancouver,BC,CAN,CAN,71,185,2012,5,150,20172018,N,14,2,2,4
MacKenzie Weegar,CGY,R,D,1994-01-07,Ottawa,ON,CAN,CAN,72,206,2013,7,206,20162017,N,14,3,3,6
Pavel Buchnevich,STL,L,L,1995-04-17,Cherepovets,--,RUS,RUS,73,196,2013,3,75,20162017,N,14,4,5,9
Jake Guentzel,TBL,L,C,1994-10-06,Omaha,NE,USA,USA,71,178,2013,3,77,20162017,N,14,5,8,13
Mattias Janmark,EDM,L,C,1992-12-08,Danderyd,--,SWE,SWE,74,205,2013,3,79,20152016,N,14,1,2,3
Carter Verhaeghe,FLA,L,C,1995-08-14,Toronto,ON,CAN,CAN,74,183,2013,3,82,20192020,N,14,4,7,11
Nick Paul,TBL,L,L,1995-03-20,Mississauga,ON,CAN,CAN,76,230,2013,4,101,20152016,N,14,4,7,11
Andre Burakovsky,SEA,L,L,1995-02-09,Klagenfurt,--,AUT,SWE,75,203,2013,1,23,20142015,N,14,0,6,6
Nathan MacKinnon,COL,R,C,1995-09-01,Halifax,NS,CAN,CAN,72,200,2013,1,1,20132014,N,14,6,19,25
Darnell Nurse,EDM,L,D,1995-02-04,Hamilton,ON,CAN,CAN,76,215,2013,1,7,20142015,N,14,0,6,6
Rasmus Ristolainen,PHI,R,D,1994-10-27,Turku,--,FIN,FIN,76,208,2013,1,8,20132014,N,14,1,1,2
Bo Horvat,NYI,L,C,1995-04-05,London,ON,CAN,CAN,73,215,2013,1,9,20142015,N,14,5,7,12
Max Domi,TOR,L,C,1995-03-02,Winnipeg,MB,CAN,CAN,70,209,2013,1,12,20152016,N,14,0,6,6
Josh Morrissey,WPG,L,D,1995-03-28,Calgary,AB,CAN,CAN,72,195,2013,1,13,20152016,N,14,2,14,16
Ryan Pulock,NYI,R,D,1994-10-06,Dauphin,MB,CAN,CAN,74,220,2013,1,15,20152016,N,14,0,5,5
Garnet Hathaway,PHI,R,R,1991-11-23,Naples,FL,USA,USA,74,212,--,--,--,20152016,N,14,1,4,5
Aaron Ekblad,FLA,R,D,1996-02-07,Windsor,ON,CAN,CAN,76,220,2014,1,1,20142015,N,14,0,6,6
Sam Reinhart,FLA,R,C,1995-11-06,West Vancouver,BC,CAN,CAN,73,196,2014,1,2,20142015,N,14,11,11,22
Leon Draisaitl,EDM,L,C,1995-10-27,Cologne,--,DEU,DEU,74,209,2014,1,3,20142015,N,14,9,7,16
Sam Bennett,FLA,L,C,1996-06-20,Holland Landing,ON,CAN,CAN,73,193,2014,1,4,20142015,N,14,8,6,14
William Nylander,TOR,R,R,1996-05-01,Calgary,AB,CAN,SWE,72,202,2014,1,8,20152016,N,14,10,5,15
Nikolaj Ehlers,WPG,L,L,1996-02-14,Aalborg,--,DNK,DNK,72,172,2014,1,9,20152016,N,14,8,9,17
Kevin Fiala,LAK,L,L,1996-07-22,St. Gallen,--,CHE,CHE,72,205,2014,1,11,20142015,N,14,7,5,12
Travis Sanheim,PHI,L,D,1996-03-29,Elkhorn,MB,CAN,CAN,76,222,2014,1,17,20172018,N,14,3,3,6
Alex Tuch,BUF,R,R,1996-05-10,Syracuse,NY,USA,USA,76,219,2014,1,18,20162017,N,14,4,8,12
Nick Schmaltz,UTA,R,C,1996-02-23,Madison,WI,USA,USA,72,184,2014,1,20,20162017,N,14,0,12,12
Jared McCann,SEA,L,L,1996-05-31,Stratford,ON,CAN,CAN,73,191,2014,1,24,20152016,N,14,6,10,16
Christian Dvorak,MTL,L,C,1996-02-02,Palos,IL,USA,USA,73,190,2014,2,58,20162017,N,14,1,4,5
Viktor Arvidsson,EDM,R,L,1993-04-08,Skelleftea,--,SWE,SWE,70,185,2014,4,112,20142015,N,14,1,3,4
Michael Bunting,PIT,L,L,1995-09-17,Scarborough,ON,CAN,CAN,72,186,2014,4,117,20182019,N,14,1,1,2
Gustav Forsling,FLA,L,D,1996-06-12,Linkoping,--,SWE,SWE,73,199,2014,5,126,20162017,N,14,3,5,8
Jake Evans,MTL,R,C,1996-06-02,Toronto,ON,CAN,CAN,72,190,2014,7,207,20192020,N,14,2,5,7
Rasmus Andersson,CGY,R,D,1996-10-27,Malmo,--,SWE,SWE,73,202,2015,2,53,20162017,N,14,4,7,11
Kyle Connor,WPG,L,L,1996-12-09,Shelby Township,MI,USA,USA,73,183,2015,1,17,20162017,N,14,9,10,19
Erik Cernak,TBL,R,D,1997-05-28,Kosice,--,SVK,SVK,76,230,2015,2,43,20182019,N,14,0,4,4
Mikko Rantanen,COL,L,R,1996-10-29,Nousiainen,--,FIN,FIN,76,215,2015,1,10,20152016,N,14,6,11,17
A.J. Greer,FLA,L,L,1996-12-14,Joliette,QC,CAN,CAN,75,209,2015,2,39,20162017,N,14,1,3,4
Travis Konecny,PHI,R,R,1997-03-11,London,ON,CAN,CAN,70,192,2015,1,24,20162017,N,14,7,8,15
Jeremy Lauzon,NSH,L,D,1997-04-28,Val-d'Or,QC,CAN,CAN,75,225,2015,2,52,20182019,N,14,0,0,0
Lawson Crouse,UTA,L,L,1997-06-23,Mt. Brydges,ON,CAN,CAN,76,214,2015,1,11,20162017,N,14,3,1,4
Mitch Marner,TOR,R,R,1997-05-05,Markham,ON,CAN,CAN,72,180,2015,1,4,20162017,N,14,2,14,16
Anthony Cirelli,TBL,L,C,1997-07-15,Etobicoke,ON,CAN,CAN,73,191,2015,3,72,20172018,N,14,2,11,13
Evan Rodrigues,FLA,R,C,1993-07-28,Toronto,ON,CAN,CAN,71,182,--,--,--,20152016,N,14,4,3,7
Kevin Stenlund,UTA,R,C,1996-09-20,Stockholm,--,SWE,SWE,77,213,2015,2,58,20182019,N,14,1,1,2
Will Borgen,SEA,R,D,1996-12-19,Moorhead,MN,USA,USA,75,204,2015,4,92,20182019,N,14,0,1,1
Alexandre Carrier,NSH,R,D,1996-10-08,Quebec City,QC,CAN,CAN,71,174,2015,4,115,20162017,N,14,1,4,5
Niko Mikkola,FLA,L,D,1996-04-27,Kiiminki,--,FIN,FIN,78,204,2015,5,127,20192020,N,14,0,7,7
Mason Appleton,WPG,R,C,1996-01-15,Green Bay,WI,USA,USA,74,194,2015,6,168,20182019,N,14,4,6,10
Steven Lorentz,TOR,L,C,1996-04-13,Kitchener,ON,CAN,CAN,76,216,2015,7,186,20202021,N,14,3,1,4
Ryan Lomberg,CGY,L,L,1994-12-09,Richmond Hill,ON,CAN,CAN,69,184,--,--,--,20172018,N,14,0,2,2
Brandon Tanev,SEA,L,L,1991-12-31,Toronto,ON,CAN,CAN,72,189,--,--,--,20152016,N,14,1,1,2
Clayton Keller,UTA,L,R,1998-07-29,Chesterfield,MO,USA,USA,70,175,2016,1,7,20162017,N,14,6,7,13
Beck Malenstyn,BUF,L,L,1998-02-04,Delta,BC,CAN,CAN,75,209,2016,5,145,20192020,N,14,1,2,3
Jordan Kyrou,STL,R,C,1998-05-05,Toronto,ON,CAN,CAN,73,196,2016,2,35,20182019,N,14,5,7,12
Samuel Girard,COL,L,D,1998-05-12,Roberval,QC,CAN,CAN,70,170,2016,2,47,20172018,N,14,0,6,6
Mikhail Sergachev,UTA,L,D,1998-06-25,Nizhnekamsk,--,RUS,RUS,75,212,2016,1,9,20162017,N,14,2,8,10
Tage Thompson,BUF,R,C,1997-10-30,Phoenix,AZ,USA,USA,78,220,2016,1,26,20172018,N,14,9,7,16
Brandon Hagel,TBL,L,L,1998-08-27,Saskatoon,SK,CAN,CAN,74,180,2016,6,159,20192020,N,14,7,8,15
Cody Glass,PIT,R,C,1999-04-01,Winnipeg,MB,CAN,CAN,75,201,2017,1,6,20192020,N,14,0,4,4
Casey Mittelstadt,COL,L,C,1998-11-22,Eden Prairie,MN,USA,USA,73,195,2017,1,8,20172018,N,14,6,9,15
Jesper Boqvist,FLA,L,C,1998-10-30,Falun,--,SWE,SWE,73,190,2017,2,36,20192020,N,14,2,2,4
Eeli Tolvanen,SEA,L,R,1999-04-22,Vihti,--,FIN,FIN,70,182,2017,1,30,20172018,N,14,4,1,5
Gabriel Vilardi,WPG,R,C,1999-08-16,Kingston,ON,CAN,CAN,75,216,2017,1,11,20192020,N,14,6,6,12
Owen Tippett,PHI,R,R,1999-02-16,Peterborough,ON,CAN,CAN,73,210,2017,1,10,20172018,N,14,3,6,9
Nick Suzuki,MTL,R,C,1999-08-10,London,ON,CAN,CAN,71,207,2017,1,13,20192020,N,14,4,9,13
Tomas Tatar,NJD,L,L,1990-12-01,Ilava,--,SVK,SVK,70,173,2009,2,60,20102011,N,16,2,3,5
Erik Haula,NJD,L,L,1991-03-23,Pori,--,FIN,FIN,71,191,2009,7,182,20132014,N,16,4,5,9
Brenden Dillon,NJD,L,D,1990-11-13,New Westminster,BC,CAN,CAN,76,225,--,--,--,20112012,N,16,0,4,4
Dougie Hamilton,NJD,R,D,1993-06-17,Toronto,ON,CAN,CAN,78,230,2011,1,9,20122013,N,16,1,8,9
Stefan Noesen,NJD,R,R,1993-02-12,Plano,TX,USA,USA,73,205,2011,1,21,20142015,N,16,6,7,13
Jonas Siegenthaler,NJD,L,D,1997-05-06,Zurich,--,CHE,CHE,74,218,2015,2,57,20182019,N,16,1,4,5
Timo Meier,NJD,L,R,1996-10-08,Herisau,--,CHE,CHE,73,220,2015,1,9,20162017,N,16,6,7,13
Jesper Bratt,NJD,L,L,1998-07-30,Stockholm,--,SWE,SWE,70,175,2016,6,162,20172018,N,16,5,13,18
Nico Hischier,NJD,L,C,1999-01-04,Brig,--,CHE,CHE,73,175,2017,1,1,20172018,N,16,10,6,16
Johnathan Kovacevic,NJD,R,D,1997-07-12,Hamilton,ON,CAN,CAN,77,223,2017,3,74,20212022,N,16,1,5,6
Paul Cotter,NJD,L,C,1999-11-16,Canton,MI,USA,USA,74,213,2018,4,115,20212022,N,16,6,4,10
Jack Hughes,NJD,L,C,2001-05-14,Orlando,FL,USA,USA,71,175,2019,1,1,20192020,N,16,5,10,15
Dawson Mercer,NJD,R,C,2001-10-27,Carbonear,NL,CAN,CAN,72,180,2020,1,18,20212022,N,16,3,5,8
Evgeni Malkin,PIT,L,C,1986-07-31,Magnitogorsk,--,RUS,RUS,77,210,2004,1,2,20062007,N,15,4,12,16
Sidney Crosby,PIT,L,C,1987-08-07,Cole Harbour,NS,CAN,CAN,71,200,2005,1,1,20052006,N,15,6,9,15
Anze Kopitar,LAK,L,C,1987-08-24,Jesenice,--,SVN,SVN,75,225,2005,1,11,20062007,N,15,5,10,15
Kris Letang,PIT,R,D,1987-04-24,Montréal,QC,CAN,CAN,72,193,2005,3,62,20062007,N,15,2,3,5
Brad Marchand,BOS,L,L,1988-05-11,Halifax,NS,CAN,CAN,69,176,2006,3,71,20092010,N,15,4,7,11
Nick Foligno,CHI,L,L,1987-10-31,Buffalo,NY,USA,USA,72,210,2006,1,28,20072008,N,15,5,1,6
Trevor Lewis,LAK,R,C,1987-01-08,Salt Lake City,UT,USA,USA,73,205,2006,1,17,20082009,N,15,3,2,5
Lars Eller,PIT,L,C,1989-05-08,Rodovre,--,DNK,DNK,74,208,2007,1,13,20092010,N,15,4,3,7
Erik Karlsson,PIT,R,D,1990-05-31,Landsbro,--,SWE,SWE,72,186,2008,1,15,20092010,N,15,1,7,8
Tyler Toffoli,SJS,R,C,1992-04-24,Scarborough,ON,CAN,CAN,72,203,2010,2,47,20122013,N,15,6,5,11
Charlie Coyle,BOS,R,C,1992-03-02,East Weymouth,MA,USA,USA,75,218,2010,1,28,20122013,N,15,2,1,3
Taylor Hall,CHI,L,L,1991-11-14,Calgary,AB,CAN,CAN,73,210,2010,1,1,20102011,N,15,2,4,6
Mikael Granlund,SJS,L,C,1992-02-26,Oulu,--,FIN,FIN,70,185,2010,1,9,20122013,N,15,6,10,16
Ondrej Palat,NJD,L,L,1991-03-28,Frydek-Mistek,--,CZE,CZE,72,194,2011,7,208,20122013,N,15,2,2,4
Connor Murphy,CHI,R,D,1993-03-26,Dublin,OH,USA,USA,76,212,2011,1,20,20132014,N,15,0,7,7
Phillip Danault,LAK,L,C,1993-02-24,Victoriaville,QC,CAN,CAN,73,200,2011,1,26,20142015,N,15,1,7,8
Rickard Rakell,PIT,R,R,1993-05-05,Sundbyberg,--,SWE,SWE,73,191,2011,1,30,20122013,N,15,6,5,11
Barclay Goodrow,SJS,L,C,1993-02-26,Toronto,ON,CAN,CAN,74,209,--,--,--,20142015,N,15,1,0,1
Hampus Lindholm,BOS,L,D,1994-01-20,Helsingborg,--,SWE,SWE,76,224,2012,1,6,20132014,N,15,3,3,6
Cody Ceci,SJS,R,D,1993-12-21,Ottawa,ON,CAN,CAN,75,210,2012,1,15,20132014,N,15,0,2,2
Teuvo Teravainen,CHI,L,C,1994-09-11,Helsinki,--,FIN,FIN,71,191,2012,1,18,20132014,N,15,4,4,8
Matt Grzelcyk,PIT,L,D,1994-01-05,Charlestown,MA,USA,USA,70,180,2012,3,85,20162017,N,15,0,7,7
Ryan Graves,PIT,L,D,1995-05-21,Yarmouth,NS,CAN,CAN,77,222,2013,4,110,20182019,N,15,0,0,0
Jason Dickinson,CHI,L,C,1995-07-04,Georgetown,ON,CAN,CAN,74,200,2013,1,29,20152016,N,15,1,3,4
Tyler Bertuzzi,CHI,L,L,1995-02-24,Sudbury,ON,CAN,CAN,74,200,2013,2,58,20162017,N,15,5,1,6
Seth Jones,CHI,R,D,1994-10-03,Arlington,TX,USA,USA,76,213,2013,1,4,20132014,N,15,2,7,9
Elias Lindholm,BOS,R,C,1994-12-02,Boden,--,SWE,SWE,73,202,2013,1,5,20132014,N,15,2,7,9
Alexander Wennberg,SJS,L,C,1994-09-22,Stockholm,--,SWE,SWE,74,190,2013,1,14,20142015,N,15,3,4,7
Nikita Zadorov,BOS,L,D,1995-04-16,Moscow,--,RUS,RUS,78,248,2013,1,16,20132014,N,15,0,4,4
David Pastrnak,BOS,R,R,1996-05-25,Havirov,--,CZE,CZE,72,196,2014,1,25,20142015,N,15,6,7,13
Adrian Kempe,LAK,L,R,1996-09-13,Kramfors,--,SWE,SWE,74,200,2014,1,29,20162017,N,15,5,7,12
Marcus Pettersson,PIT,L,D,1996-05-08,Skelleftea,--,SWE,SWE,77,174,2014,2,38,20172018,N,15,1,5,6
Warren Foegele,LAK,L,L,1996-04-01,Markham,ON,CAN,CAN,74,204,2014,3,67,20172018,N,15,5,2,7
Pavel Zacha,BOS,L,C,1997-04-06,Brno,--,CZE,CZE,76,207,2015,1,6,20152016,N,15,2,3,5
Brandon Carlo,BOS,R,D,1996-11-26,Colorado Springs,CO,USA,USA,77,217,2015,2,37,20162017,N,15,1,2,3
Anthony Beauvillier,PIT,L,L,1997-06-08,Sorel-Tracy,QC,CAN,CAN,71,180,2015,1,28,20162017,N,15,3,1,4
Noel Acciari,PIT,R,C,1991-12-01,Johnston,RI,USA,USA,71,209,--,--,--,20152016,N,15,1,3,4
Vladislav Gavrikov,LAK,L,D,1995-11-21,Yaroslavl,--,RUS,RUS,75,220,2015,6,159,20192020,N,15,1,5,6
Luke Kunin,SJS,R,C,1997-12-04,Chesterfield,MO,USA,USA,72,197,2016,1,15,20172018,N,15,2,3,5
Charlie McAvoy,BOS,R,D,1997-12-21,Long Beach,NY,USA,USA,73,209,2016,1,14,20172018,N,15,2,2,4
Trent Frederic,BOS,L,C,1998-02-11,St. Louis,MO,USA,USA,75,220,2016,1,29,20182019,N,15,1,2,3
Tanner Jeannot,LAK,L,L,1997-05-29,Estevan,SK,CAN,CAN,74,220,--,--,--,20202021,N,15,1,1,2
Trevor Moore,LAK,L,L,1995-03-31,Thousand Oaks,CA,USA,USA,71,195,--,--,--,20182019,N,15,1,7,8
Mario Ferraro,SJS,L,D,1998-09-17,Toronto,ON,CAN,CAN,72,209,2017,2,49,20192020,N,15,0,2,2
Mikey Anderson,LAK,L,D,1999-05-25,Roseville,MN,USA,USA,72,195,2017,4,103,20192020,N,15,2,4,6
Jan Rutta,SJS,R,D,1990-07-29,Pisek,--,CZE,CZE,75,204,--,--,--,20172018,N,15,0,1,1
Fabian Zetterlund,SJS,R,L,1999-08-25,Karlstad,--,SWE,SWE,71,220,2017,3,63,20212022,N,15,6,4,10
Mark Kastelic,BOS,R,C,1999-03-11,Phoenix,AZ,USA,USA,76,226,2019,5,125,20212022,N,15,3,4,7
Cole Koepke,BOS,L,L,1998-05-17,Two Harbors,MN,USA,USA,73,203,2018,6,183,20222023,N,15,4,4,8
Nico Sturm,SJS,L,C,1995-05-03,Augsburg,--,DEU,DEU,75,209,--,--,--,20182019,N,15,2,2,4
John Beecher,BOS,L,C,2001-04-05,Elmira,NY,USA,USA,75,216,2019,1,30,20232024,N,15,2,4,6
Alex Vlasic,CHI,L,D,2001-06-05,Wilmette,IL,USA,USA,78,217,2019,2,43,20212022,N,15,0,7,7
Ilya Mikheyev,CHI,L,R,1994-10-10,Omsk,--,RUS,RUS,74,192,--,--,--,20192020,N,15,1,1,2
Drew O'Connor,PIT,L,L,1998-06-09,Chatham,NJ,USA,USA,76,209,--,--,--,20202021,N,15,3,1,4
Quinton Byfield,LAK,L,R,2002-08-19,Newmarket,ON,CAN,CAN,77,225,2020,1,2,20202021,N,15,2,6,8
Alex Laferriere,LAK,R,R,2001-10-28,Chatham,NJ,USA,USA,73,205,2020,3,83,20232024,N,15,8,6,14
Brandt Clarke,LAK,R,D,2003-02-09,Nepean,ON,CAN,CAN,74,200,2021,1,8,20222023,N,15,1,11,12
Connor Bedard,CHI,R,C,2005-07-17,North Vancouver,BC,CAN,CAN,70,185,2023,1,1,20232024,N,15,3,10,13
Ryan Suter,STL,L,D,1985-01-21,Madison,WI,USA,USA,73,201,2003,1,7,20052006,N,14,1,3,4
Corey Perry,EDM,R,R,1985-05-16,Peterborough,ON,CAN,CAN,75,208,2003,1,28,20052006,N,14,2,1,3
Ian Cole,UTA,L,D,1989-02-21,Ann Arbor,MI,USA,USA,73,237,2007,1,18,20102011,N,14,1,5,6
Mikael Backlund,CGY,L,C,1989-03-17,Vasteras,--,SWE,SWE,72,206,2007,1,24,20082009,N,14,2,4,6
Ryan McDonagh,TBL,L,D,1989-06-13,St. Paul,MN,USA,USA,74,219,2007,1,12,20102011,N,14,0,4,4
Steven Stamkos,NSH,R,C,1990-02-07,Markham,ON,CAN,CAN,73,193,2008,1,1,20082009,N,14,4,3,7
Luke Schenn,NSH,R,D,1989-11-02,Saskatoon,SK,CAN,CAN,74,225,2008,1,5,20082009,N,14,1,0,1
Jordan Eberle,SEA,R,R,1990-05-15,Regina,SK,CAN,CAN,71,180,2008,1,22,20102011,N,14,6,3,9
Roman Josi,NSH,L,D,1990-06-01,Bern,--,CHE,CHE,73,201,2008,2,38,20112012,N,14,1,7,8
Adam Henrique,EDM,L,C,1990-02-06,Brantford,ON,CAN,CAN,72,195,2008,3,82,20102011,N,14,1,0,1
Gustav Nyquist,NSH,L,R,1989-09-01,Halmstad,--,SWE,SWE,71,180,2008,4,121,20112012,N,14,4,3,7
Kyle Palmieri,NYI,R,C,1991-02-01,Smithtown,NY,USA,USA,71,195,2009,1,26,20102011,N,14,6,5,11
Ryan O'Reilly,NSH,L,C,1991-02-07,Clinton,ON,CAN,CAN,73,207,2009,2,33,20092010,N,14,3,7,10
Victor Hedman,TBL,L,D,1990-12-18,Ornskoldsvik,--,SWE,SWE,79,245,2009,1,2,20092010,N,14,3,10,13
Brayden Schenn,STL,L,C,1991-08-22,Saskatoon,SK,CAN,CAN,73,199,2009,1,5,20092010,N,14,1,4,5
Oliver Ekman-Larsson,TOR,L,D,1991-07-17,Karlskrona,--,SWE,SWE,74,192,2009,1,6,20102011,N,14,1,5,6
Nazem Kadri,CGY,L,C,1990-10-06,London,ON,CAN,CAN,72,185,2009,1,7,20092010,N,14,5,3,8
Dmitry Kulikov,FLA,L,D,1990-10-29,Lipetsk,--,RUS,RUS,73,212,2009,1,14,20092010,N,14,1,2,3
Mattias Ekholm,EDM,L,D,1990-05-24,Borlange,--,SWE,SWE,77,225,2009,4,102,20112012,N,14,2,7,9
Casey Cizikas,NYI,L,C,1991-02-27,Toronto,ON,CAN,CAN,71,194,2009,4,92,20112012,N,14,1,1,2
David Savard,MTL,R,D,1990-10-22,St-Hyacinthe,QC,CAN,CAN,73,235,2009,4,94,20112012,N,14,0,4,4
Anders Lee,NYI,L,L,1990-07-03,Edina,MN,USA,USA,75,231,2009,6,152,20122013,N,14,4,5,9
Chris Tanev,TOR,R,D,1989-12-20,Toronto,ON,CAN,CAN,75,199,--,--,--,20102011,N,14,0,3,3
Jason Zucker,BUF,L,L,1992-01-16,Newport Beach,CA,USA,USA,71,195,2010,2,59,20112012,N,14,3,8,11
Justin Faulk,STL,R,D,1992-03-20,South St. Paul,MN,USA,USA,72,214,2010,2,37,20112012,N,14,1,4,5
Brock Nelson,NYI,L,C,1991-10-15,Warroad,MN,USA,USA,76,205,2010,1,30,20132014,N,14,5,2,7
Kevin Hayes,PIT,L,R,1992-05-08,Dorchester,MA,USA,USA,77,216,2010,1,24,20142015,N,14,3,1,4
Jaden Schwartz,SEA,L,C,1992-06-25,Wilcox,SK,CAN,CAN,70,185,2010,1,14,20112012,N,14,3,5,8
Jeff Skinner,EDM,L,L,1992-05-16,Toronto,ON,CAN,CAN,71,200,2010,1,7,20102011,N,14,3,3,6
